cell_id,benchmark,sample_size,cover_cell_id,n_intervals,overlap_frac,n_planned,n_attempts_executed,n_raw_present,n_success,n_eligible,n_failed_or_missing,k_joint_recovered,p_joint_attempt_level,ci_joint_attempt_level_lower,ci_joint_attempt_level_upper,k_graph_recovered,p_graph_attempt_level,ci_graph_attempt_level_lower,ci_graph_attempt_level_upper,k_nerve_recovered,p_nerve_attempt_level,ci_nerve_attempt_level_lower,ci_nerve_attempt_level_upper,p_joint_success_conditional,ci_joint_success_conditional_lower,ci_joint_success_conditional_upper,k_branch_recovered,p_branch_attempt_level,ci_branch_attempt_level_lower,ci_branch_attempt_level_upper,p_branch_success_conditional,ci_branch_success_conditional_lower,ci_branch_success_conditional_upper
unit_circle_S1__N100__L05_P010,unit_circle_S1,100,L05_P010,5,0.1,30,30,30,30,30,0,0,0.0,0.0,0.11351339317396876,0,0.0,0.0,0.11351339317396876,0,0.0,0.0,0.11351339317396876,0.0,0.0,0.11351339317396876,,,,,,,
unit_circle_S1__N100__L05_P030,unit_circle_S1,100,L05_P030,5,0.3,30,30,30,30,30,0,0,0.0,0.0,0.11351339317396876,0,0.0,0.0,0.11351339317396876,0,0.0,0.0,0.11351339317396876,0.0,0.0,0.11351339317396876,,,,,,,
unit_circle_S1__N100__L05_P050,unit_circle_S1,100,L05_P050,5,0.5,30,30,30,30,30,0,0,0.0,0.0,0.11351339317396876,0,0.0,0.0,0.11351339317396876,0,0.0,0.0,0.11351339317396876,0.0,0.0,0.11351339317396876,,,,,,,
unit_circle_S1__N100__L15_P010,unit_circle_S1,100,L15_P010,15,0.1,30,30,30,30,30,0,0,0.0,0.0,0.11351339317396876,0,0.0,0.0,0.11351339317396876,0,0.0,0.0,0.11351339317396876,0.0,0.0,0.11351339317396876,,,,,,,
unit_circle_S1__N100__L15_P030,unit_circle_S1,100,L15_P030,15,0.3,30,30,30,30,30,0,0,0.0,0.0,0.11351339317396876,0,0.0,0.0,0.11351339317396876,0,0.0,0.0,0.11351339317396876,0.0,0.0,0.11351339317396876,,,,,,,
unit_circle_S1__N100__L15_P050,unit_circle_S1,100,L15_P050,15,0.5,30,30,30,30,30,0,0,0.0,0.0,0.11351339317396876,0,0.0,0.0,0.11351339317396876,0,0.0,0.0,0.11351339317396876,0.0,0.0,0.11351339317396876,,,,,,,
unit_circle_S1__N100__L25_P010,unit_circle_S1,100,L25_P010,25,0.1,30,30,30,30,30,0,0,0.0,0.0,0.11351339317396876,0,0.0,0.0,0.11351339317396876,0,0.0,0.0,0.11351339317396876,0.0,0.0,0.11351339317396876,,,,,,,
unit_circle_S1__N100__L25_P030,unit_circle_S1,100,L25_P030,25,0.3,30,30,30,30,30,0,0,0.0,0.0,0.11351339317396876,0,0.0,0.0,0.11351339317396876,0,0.0,0.0,0.11351339317396876,0.0,0.0,0.11351339317396876,,,,,,,
unit_circle_S1__N100__L25_P050,unit_circle_S1,100,L25_P050,25,0.5,30,30,30,30,30,0,0,0.0,0.0,0.11351339317396876,0,0.0,0.0,0.11351339317396876,0,0.0,0.0,0.11351339317396876,0.0,0.0,0.11351339317396876,,,,,,,
unit_circle_S1__N300__L05_P010,unit_circle_S1,300,L05_P010,5,0.1,30,30,30,30,30,0,19,0.6333333333333333,0.45513563654794864,0.7812607919389929,19,0.6333333333333333,0.45513563654794864,0.7812607919389929,19,0.6333333333333333,0.45513563654794864,0.7812607919389929,0.6333333333333333,0.45513563654794864,0.7812607919389929,,,,,,,
unit_circle_S1__N300__L05_P030,unit_circle_S1,300,L05_P030,5,0.3,30,30,30,30,30,0,27,0.9,0.7437891742081592,0.9654001112526658,27,0.9,0.7437891742081592,0.9654001112526658,27,0.9,0.7437891742081592,0.9654001112526658,0.9,0.7437891742081592,0.9654001112526658,,,,,,,
unit_circle_S1__N300__L05_P050,unit_circle_S1,300,L05_P050,5,0.5,30,30,30,30,30,0,27,0.9,0.7437891742081592,0.9654001112526658,27,0.9,0.7437891742081592,0.9654001112526658,27,0.9,0.7437891742081592,0.9654001112526658,0.9,0.7437891742081592,0.9654001112526658,,,,,,,
unit_circle_S1__N300__L15_P010,unit_circle_S1,300,L15_P010,15,0.1,30,30,30,30,30,0,0,0.0,0.0,0.11351339317396876,0,0.0,0.0,0.11351339317396876,0,0.0,0.0,0.11351339317396876,0.0,0.0,0.11351339317396876,,,,,,,
unit_circle_S1__N300__L15_P030,unit_circle_S1,300,L15_P030,15,0.3,30,30,30,30,30,0,9,0.3,0.16664748268243795,0.4787578745871494,9,0.3,0.16664748268243795,0.4787578745871494,9,0.3,0.16664748268243795,0.4787578745871494,0.3,0.16664748268243795,0.4787578745871494,,,,,,,
unit_circle_S1__N300__L15_P050,unit_circle_S1,300,L15_P050,15,0.5,30,30,30,30,30,0,27,0.9,0.7437891742081592,0.9654001112526658,27,0.9,0.7437891742081592,0.9654001112526658,27,0.9,0.7437891742081592,0.9654001112526658,0.9,0.7437891742081592,0.9654001112526658,,,,,,,
unit_circle_S1__N300__L25_P010,unit_circle_S1,300,L25_P010,25,0.1,30,30,30,30,30,0,0,0.0,0.0,0.11351339317396876,0,0.0,0.0,0.11351339317396876,0,0.0,0.0,0.11351339317396876,0.0,0.0,0.11351339317396876,,,,,,,
unit_circle_S1__N300__L25_P030,unit_circle_S1,300,L25_P030,25,0.3,30,30,30,30,30,0,0,0.0,0.0,0.11351339317396876,0,0.0,0.0,0.11351339317396876,0,0.0,0.0,0.11351339317396876,0.0,0.0,0.11351339317396876,,,,,,,
unit_circle_S1__N300__L25_P050,unit_circle_S1,300,L25_P050,25,0.5,30,30,30,30,30,0,14,0.4666666666666667,0.30232388907699753,0.6385770038012671,14,0.4666666666666667,0.30232388907699753,0.6385770038012671,14,0.4666666666666667,0.30232388907699753,0.6385770038012671,0.4666666666666667,0.30232388907699753,0.6385770038012671,,,,,,,
unit_circle_S1__N600__L05_P010,unit_circle_S1,600,L05_P010,5,0.1,30,30,30,30,30,0,26,0.8666666666666667,0.703186733179637,0.9469034451594526,26,0.8666666666666667,0.703186733179637,0.9469034451594526,26,0.8666666666666667,0.703186733179637,0.9469034451594526,0.8666666666666667,0.703186733179637,0.9469034451594526,,,,,,,
unit_circle_S1__N600__L05_P030,unit_circle_S1,600,L05_P030,5,0.3,30,30,30,30,30,0,30,1.0,0.8864866068260312,1.0,30,1.0,0.8864866068260312,1.0,30,1.0,0.8864866068260312,1.0,1.0,0.8864866068260312,1.0,,,,,,,
unit_circle_S1__N600__L05_P050,unit_circle_S1,600,L05_P050,5,0.5,30,30,30,30,30,0,30,1.0,0.8864866068260312,1.0,30,1.0,0.8864866068260312,1.0,30,1.0,0.8864866068260312,1.0,1.0,0.8864866068260312,1.0,,,,,,,
unit_circle_S1__N600__L15_P010,unit_circle_S1,600,L15_P010,15,0.1,30,30,30,30,30,0,0,0.0,0.0,0.11351339317396876,0,0.0,0.0,0.11351339317396876,0,0.0,0.0,0.11351339317396876,0.0,0.0,0.11351339317396876,,,,,,,
unit_circle_S1__N600__L15_P030,unit_circle_S1,600,L15_P030,15,0.3,30,30,30,30,30,0,29,0.9666666666666667,0.8332960900859081,0.9940914096183874,29,0.9666666666666667,0.8332960900859081,0.9940914096183874,29,0.9666666666666667,0.8332960900859081,0.9940914096183874,0.9666666666666667,0.8332960900859081,0.9940914096183874,,,,,,,
unit_circle_S1__N600__L15_P050,unit_circle_S1,600,L15_P050,15,0.5,30,30,30,30,30,0,30,1.0,0.8864866068260312,1.0,30,1.0,0.8864866068260312,1.0,30,1.0,0.8864866068260312,1.0,1.0,0.8864866068260312,1.0,,,,,,,
unit_circle_S1__N600__L25_P010,unit_circle_S1,600,L25_P010,25,0.1,30,30,30,30,30,0,0,0.0,0.0,0.11351339317396876,0,0.0,0.0,0.11351339317396876,0,0.0,0.0,0.11351339317396876,0.0,0.0,0.11351339317396876,,,,,,,
unit_circle_S1__N600__L25_P030,unit_circle_S1,600,L25_P030,25,0.3,30,30,30,30,30,0,9,0.3,0.16664748268243795,0.4787578745871494,9,0.3,0.16664748268243795,0.4787578745871494,9,0.3,0.16664748268243795,0.4787578745871494,0.3,0.16664748268243795,0.4787578745871494,,,,,,,
unit_circle_S1__N600__L25_P050,unit_circle_S1,600,L25_P050,25,0.5,30,30,30,30,30,0,29,0.9666666666666667,0.8332960900859081,0.9940914096183874,29,0.9666666666666667,0.8332960900859081,0.9940914096183874,29,0.9666666666666667,0.8332960900859081,0.9940914096183874,0.9666666666666667,0.8332960900859081,0.9940914096183874,,,,,,,
unit_circle_S1__N1200__L05_P010,unit_circle_S1,1200,L05_P010,5,0.1,30,30,30,30,30,0,30,1.0,0.8864866068260312,1.0,30,1.0,0.8864866068260312,1.0,30,1.0,0.8864866068260312,1.0,1.0,0.8864866068260312,1.0,,,,,,,
unit_circle_S1__N1200__L05_P030,unit_circle_S1,1200,L05_P030,5,0.3,30,30,30,30,30,0,30,1.0,0.8864866068260312,1.0,30,1.0,0.8864866068260312,1.0,30,1.0,0.8864866068260312,1.0,1.0,0.8864866068260312,1.0,,,,,,,
unit_circle_S1__N1200__L05_P050,unit_circle_S1,1200,L05_P050,5,0.5,30,30,30,30,30,0,30,1.0,0.8864866068260312,1.0,30,1.0,0.8864866068260312,1.0,30,1.0,0.8864866068260312,1.0,1.0,0.8864866068260312,1.0,,,,,,,
unit_circle_S1__N1200__L15_P010,unit_circle_S1,1200,L15_P010,15,0.1,30,30,30,30,30,0,8,0.26666666666666666,0.1418266331959632,0.44447961695188887,8,0.26666666666666666,0.1418266331959632,0.44447961695188887,8,0.26666666666666666,0.1418266331959632,0.44447961695188887,0.26666666666666666,0.1418266331959632,0.44447961695188887,,,,,,,
unit_circle_S1__N1200__L15_P030,unit_circle_S1,1200,L15_P030,15,0.3,30,30,30,30,30,0,30,1.0,0.8864866068260312,1.0,30,1.0,0.8864866068260312,1.0,30,1.0,0.8864866068260312,1.0,1.0,0.8864866068260312,1.0,,,,,,,
unit_circle_S1__N1200__L15_P050,unit_circle_S1,1200,L15_P050,15,0.5,30,30,30,30,30,0,30,1.0,0.8864866068260312,1.0,30,1.0,0.8864866068260312,1.0,30,1.0,0.8864866068260312,1.0,1.0,0.8864866068260312,1.0,,,,,,,
unit_circle_S1__N1200__L25_P010,unit_circle_S1,1200,L25_P010,25,0.1,30,30,30,30,30,0,0,0.0,0.0,0.11351339317396876,0,0.0,0.0,0.11351339317396876,0,0.0,0.0,0.11351339317396876,0.0,0.0,0.11351339317396876,,,,,,,
unit_circle_S1__N1200__L25_P030,unit_circle_S1,1200,L25_P030,25,0.3,30,30,30,30,30,0,30,1.0,0.8864866068260312,1.0,30,1.0,0.8864866068260312,1.0,30,1.0,0.8864866068260312,1.0,1.0,0.8864866068260312,1.0,,,,,,,
unit_circle_S1__N1200__L25_P050,unit_circle_S1,1200,L25_P050,25,0.5,30,30,30,30,30,0,30,1.0,0.8864866068260312,1.0,30,1.0,0.8864866068260312,1.0,30,1.0,0.8864866068260312,1.0,1.0,0.8864866068260312,1.0,,,,,,,
branching_tripod_Y__N100__L05_P010,branching_tripod_Y,100,L05_P010,5,0.1,30,30,30,30,30,0,2,0.06666666666666667,0.018477023791270374,0.2132345836261692,2,0.06666666666666667,0.018477023791270374,0.2132345836261692,2,0.06666666666666667,0.018477023791270374,0.2132345836261692,0.06666666666666667,0.018477023791270374,0.2132345836261692,2,0.06666666666666667,0.018477023791270374,0.2132345836261692,0.06666666666666667,0.018477023791270374,0.2132345836261692
branching_tripod_Y__N100__L05_P030,branching_tripod_Y,100,L05_P030,5,0.3,30,30,30,30,30,0,5,0.16666666666666666,0.0733654237184855,0.3356435050641603,5,0.16666666666666666,0.0733654237184855,0.3356435050641603,5,0.16666666666666666,0.0733654237184855,0.3356435050641603,0.16666666666666666,0.0733654237184855,0.3356435050641603,5,0.16666666666666666,0.0733654237184855,0.3356435050641603,0.16666666666666666,0.0733654237184855,0.3356435050641603
branching_tripod_Y__N100__L05_P050,branching_tripod_Y,100,L05_P050,5,0.5,30,30,30,30,30,0,5,0.16666666666666666,0.0733654237184855,0.3356435050641603,5,0.16666666666666666,0.0733654237184855,0.3356435050641603,5,0.16666666666666666,0.0733654237184855,0.3356435050641603,0.16666666666666666,0.0733654237184855,0.3356435050641603,5,0.16666666666666666,0.0733654237184855,0.3356435050641603,0.16666666666666666,0.0733654237184855,0.3356435050641603
branching_tripod_Y__N100__L15_P010,branching_tripod_Y,100,L15_P010,15,0.1,30,30,30,30,30,0,0,0.0,0.0,0.11351339317396876,0,0.0,0.0,0.11351339317396876,0,0.0,0.0,0.11351339317396876,0.0,0.0,0.11351339317396876,0,0.0,0.0,0.11351339317396876,0.0,0.0,0.11351339317396876
branching_tripod_Y__N100__L15_P030,branching_tripod_Y,100,L15_P030,15,0.3,30,30,30,30,30,0,0,0.0,0.0,0.11351339317396876,0,0.0,0.0,0.11351339317396876,0,0.0,0.0,0.11351339317396876,0.0,0.0,0.11351339317396876,0,0.0,0.0,0.11351339317396876,0.0,0.0,0.11351339317396876
branching_tripod_Y__N100__L15_P050,branching_tripod_Y,100,L15_P050,15,0.5,30,30,30,30,30,0,5,0.16666666666666666,0.0733654237184855,0.3356435050641603,5,0.16666666666666666,0.0733654237184855,0.3356435050641603,5,0.16666666666666666,0.0733654237184855,0.3356435050641603,0.16666666666666666,0.0733654237184855,0.3356435050641603,5,0.16666666666666666,0.0733654237184855,0.3356435050641603,0.16666666666666666,0.0733654237184855,0.3356435050641603
branching_tripod_Y__N100__L25_P010,branching_tripod_Y,100,L25_P010,25,0.1,30,30,30,30,30,0,0,0.0,0.0,0.11351339317396876,0,0.0,0.0,0.11351339317396876,0,0.0,0.0,0.11351339317396876,0.0,0.0,0.11351339317396876,0,0.0,0.0,0.11351339317396876,0.0,0.0,0.11351339317396876
branching_tripod_Y__N100__L25_P030,branching_tripod_Y,100,L25_P030,25,0.3,30,30,30,30,30,0,0,0.0,0.0,0.11351339317396876,0,0.0,0.0,0.11351339317396876,0,0.0,0.0,0.11351339317396876,0.0,0.0,0.11351339317396876,0,0.0,0.0,0.11351339317396876,0.0,0.0,0.11351339317396876
branching_tripod_Y__N100__L25_P050,branching_tripod_Y,100,L25_P050,25,0.5,30,30,30,30,30,0,0,0.0,0.0,0.11351339317396876,0,0.0,0.0,0.11351339317396876,0,0.0,0.0,0.11351339317396876,0.0,0.0,0.11351339317396876,0,0.0,0.0,0.11351339317396876,0.0,0.0,0.11351339317396876
branching_tripod_Y__N300__L05_P010,branching_tripod_Y,300,L05_P010,5,0.1,30,30,30,30,30,0,28,0.9333333333333333,0.7867654163738308,0.9815229762087296,28,0.9333333333333333,0.7867654163738308,0.9815229762087296,28,0.9333333333333333,0.7867654163738308,0.9815229762087296,0.9333333333333333,0.7867654163738308,0.9815229762087296,28,0.9333333333333333,0.7867654163738308,0.9815229762087296,0.9333333333333333,0.7867654163738308,0.9815229762087296
branching_tripod_Y__N300__L05_P030,branching_tripod_Y,300,L05_P030,5,0.3,30,30,30,30,30,0,30,1.0,0.8864866068260312,1.0,30,1.0,0.8864866068260312,1.0,30,1.0,0.8864866068260312,1.0,1.0,0.8864866068260312,1.0,30,1.0,0.8864866068260312,1.0,1.0,0.8864866068260312,1.0
branching_tripod_Y__N300__L05_P050,branching_tripod_Y,300,L05_P050,5,0.5,30,30,30,30,30,0,30,1.0,0.8864866068260312,1.0,30,1.0,0.8864866068260312,1.0,30,1.0,0.8864866068260312,1.0,1.0,0.8864866068260312,1.0,30,1.0,0.8864866068260312,1.0,1.0,0.8864866068260312,1.0
branching_tripod_Y__N300__L15_P010,branching_tripod_Y,300,L15_P010,15,0.1,30,30,30,30,30,0,0,0.0,0.0,0.11351339317396876,0,0.0,0.0,0.11351339317396876,0,0.0,0.0,0.11351339317396876,0.0,0.0,0.11351339317396876,0,0.0,0.0,0.11351339317396876,0.0,0.0,0.11351339317396876
branching_tripod_Y__N300__L15_P030,branching_tripod_Y,300,L15_P030,15,0.3,30,30,30,30,30,0,27,0.9,0.7437891742081592,0.9654001112526658,27,0.9,0.7437891742081592,0.9654001112526658,27,0.9,0.7437891742081592,0.9654001112526658,0.9,0.7437891742081592,0.9654001112526658,27,0.9,0.7437891742081592,0.9654001112526658,0.9,0.7437891742081592,0.9654001112526658
branching_tripod_Y__N300__L15_P050,branching_tripod_Y,300,L15_P050,15,0.5,30,30,30,30,30,0,30,1.0,0.8864866068260312,1.0,30,1.0,0.8864866068260312,1.0,30,1.0,0.8864866068260312,1.0,1.0,0.8864866068260312,1.0,30,1.0,0.8864866068260312,1.0,1.0,0.8864866068260312,1.0
branching_tripod_Y__N300__L25_P010,branching_tripod_Y,300,L25_P010,25,0.1,30,30,30,30,30,0,0,0.0,0.0,0.11351339317396876,0,0.0,0.0,0.11351339317396876,0,0.0,0.0,0.11351339317396876,0.0,0.0,0.11351339317396876,0,0.0,0.0,0.11351339317396876,0.0,0.0,0.11351339317396876
branching_tripod_Y__N300__L25_P030,branching_tripod_Y,300,L25_P030,25,0.3,30,30,30,30,30,0,10,0.3333333333333333,0.1923049808367613,0.5121994835545615,10,0.3333333333333333,0.1923049808367613,0.5121994835545615,10,0.3333333333333333,0.1923049808367613,0.5121994835545615,0.3333333333333333,0.1923049808367613,0.5121994835545615,10,0.3333333333333333,0.1923049808367613,0.5121994835545615,0.3333333333333333,0.1923049808367613,0.5121994835545615
branching_tripod_Y__N300__L25_P050,branching_tripod_Y,300,L25_P050,25,0.5,30,30,30,30,30,0,30,1.0,0.8864866068260312,1.0,30,1.0,0.8864866068260312,1.0,30,1.0,0.8864866068260312,1.0,1.0,0.8864866068260312,1.0,30,1.0,0.8864866068260312,1.0,1.0,0.8864866068260312,1.0
branching_tripod_Y__N600__L05_P010,branching_tripod_Y,600,L05_P010,5,0.1,30,30,30,30,30,0,30,1.0,0.8864866068260312,1.0,30,1.0,0.8864866068260312,1.0,30,1.0,0.8864866068260312,1.0,1.0,0.8864866068260312,1.0,30,1.0,0.8864866068260312,1.0,1.0,0.8864866068260312,1.0
branching_tripod_Y__N600__L05_P030,branching_tripod_Y,600,L05_P030,5,0.3,30,30,30,30,30,0,30,1.0,0.8864866068260312,1.0,30,1.0,0.8864866068260312,1.0,30,1.0,0.8864866068260312,1.0,1.0,0.8864866068260312,1.0,30,1.0,0.8864866068260312,1.0,1.0,0.8864866068260312,1.0
branching_tripod_Y__N600__L05_P050,branching_tripod_Y,600,L05_P050,5,0.5,30,30,30,30,30,0,30,1.0,0.8864866068260312,1.0,30,1.0,0.8864866068260312,1.0,30,1.0,0.8864866068260312,1.0,1.0,0.8864866068260312,1.0,30,1.0,0.8864866068260312,1.0,1.0,0.8864866068260312,1.0
branching_tripod_Y__N600__L15_P010,branching_tripod_Y,600,L15_P010,15,0.1,30,30,30,30,30,0,14,0.4666666666666667,0.30232388907699753,0.6385770038012671,14,0.4666666666666667,0.30232388907699753,0.6385770038012671,14,0.4666666666666667,0.30232388907699753,0.6385770038012671,0.4666666666666667,0.30232388907699753,0.6385770038012671,14,0.4666666666666667,0.30232388907699753,0.6385770038012671,0.4666666666666667,0.30232388907699753,0.6385770038012671
branching_tripod_Y__N600__L15_P030,branching_tripod_Y,600,L15_P030,15,0.3,30,30,30,30,30,0,30,1.0,0.8864866068260312,1.0,30,1.0,0.8864866068260312,1.0,30,1.0,0.8864866068260312,1.0,1.0,0.8864866068260312,1.0,30,1.0,0.8864866068260312,1.0,1.0,0.8864866068260312,1.0
branching_tripod_Y__N600__L15_P050,branching_tripod_Y,600,L15_P050,15,0.5,30,30,30,30,30,0,30,1.0,0.8864866068260312,1.0,30,1.0,0.8864866068260312,1.0,30,1.0,0.8864866068260312,1.0,1.0,0.8864866068260312,1.0,30,1.0,0.8864866068260312,1.0,1.0,0.8864866068260312,1.0
branching_tripod_Y__N600__L25_P010,branching_tripod_Y,600,L25_P010,25,0.1,30,30,30,30,30,0,0,0.0,0.0,0.11351339317396876,0,0.0,0.0,0.11351339317396876,0,0.0,0.0,0.11351339317396876,0.0,0.0,0.11351339317396876,0,0.0,0.0,0.11351339317396876,0.0,0.0,0.11351339317396876
branching_tripod_Y__N600__L25_P030,branching_tripod_Y,600,L25_P030,25,0.3,30,30,30,30,30,0,29,0.9666666666666667,0.8332960900859081,0.9940914096183874,29,0.9666666666666667,0.8332960900859081,0.9940914096183874,29,0.9666666666666667,0.8332960900859081,0.9940914096183874,0.9666666666666667,0.8332960900859081,0.9940914096183874,29,0.9666666666666667,0.8332960900859081,0.9940914096183874,0.9666666666666667,0.8332960900859081,0.9940914096183874
branching_tripod_Y__N600__L25_P050,branching_tripod_Y,600,L25_P050,25,0.5,30,30,30,30,30,0,30,1.0,0.8864866068260312,1.0,30,1.0,0.8864866068260312,1.0,30,1.0,0.8864866068260312,1.0,1.0,0.8864866068260312,1.0,30,1.0,0.8864866068260312,1.0,1.0,0.8864866068260312,1.0
branching_tripod_Y__N1200__L05_P010,branching_tripod_Y,1200,L05_P010,5,0.1,30,30,30,30,30,0,30,1.0,0.8864866068260312,1.0,30,1.0,0.8864866068260312,1.0,30,1.0,0.8864866068260312,1.0,1.0,0.8864866068260312,1.0,30,1.0,0.8864866068260312,1.0,1.0,0.8864866068260312,1.0
branching_tripod_Y__N1200__L05_P030,branching_tripod_Y,1200,L05_P030,5,0.3,30,30,30,30,30,0,30,1.0,0.8864866068260312,1.0,30,1.0,0.8864866068260312,1.0,30,1.0,0.8864866068260312,1.0,1.0,0.8864866068260312,1.0,30,1.0,0.8864866068260312,1.0,1.0,0.8864866068260312,1.0
branching_tripod_Y__N1200__L05_P050,branching_tripod_Y,1200,L05_P050,5,0.5,30,30,30,30,30,0,30,1.0,0.8864866068260312,1.0,30,1.0,0.8864866068260312,1.0,30,1.0,0.8864866068260312,1.0,1.0,0.8864866068260312,1.0,30,1.0,0.8864866068260312,1.0,1.0,0.8864866068260312,1.0
branching_tripod_Y__N1200__L15_P010,branching_tripod_Y,1200,L15_P010,15,0.1,30,30,30,30,30,0,29,0.9666666666666667,0.8332960900859081,0.9940914096183874,29,0.9666666666666667,0.8332960900859081,0.9940914096183874,29,0.9666666666666667,0.8332960900859081,0.9940914096183874,0.9666666666666667,0.8332960900859081,0.9940914096183874,29,0.9666666666666667,0.8332960900859081,0.9940914096183874,0.9666666666666667,0.8332960900859081,0.9940914096183874
branching_tripod_Y__N1200__L15_P030,branching_tripod_Y,1200,L15_P030,15,0.3,30,30,30,30,30,0,30,1.0,0.8864866068260312,1.0,30,1.0,0.8864866068260312,1.0,30,1.0,0.8864866068260312,1.0,1.0,0.8864866068260312,1.0,30,1.0,0.8864866068260312,1.0,1.0,0.8864866068260312,1.0
branching_tripod_Y__N1200__L15_P050,branching_tripod_Y,1200,L15_P050,15,0.5,30,30,30,30,30,0,30,1.0,0.8864866068260312,1.0,30,1.0,0.8864866068260312,1.0,30,1.0,0.8864866068260312,1.0,1.0,0.8864866068260312,1.0,30,1.0,0.8864866068260312,1.0,1.0,0.8864866068260312,1.0
branching_tripod_Y__N1200__L25_P010,branching_tripod_Y,1200,L25_P010,25,0.1,30,30,30,30,30,0,13,0.43333333333333335,0.2737748557646652,0.6080269299918639,13,0.43333333333333335,0.2737748557646652,0.6080269299918639,13,0.43333333333333335,0.2737748557646652,0.6080269299918639,0.43333333333333335,0.2737748557646652,0.6080269299918639,13,0.43333333333333335,0.2737748557646652,0.6080269299918639,0.43333333333333335,0.2737748557646652,0.6080269299918639
branching_tripod_Y__N1200__L25_P030,branching_tripod_Y,1200,L25_P030,25,0.3,30,30,30,30,30,0,30,1.0,0.8864866068260312,1.0,30,1.0,0.8864866068260312,1.0,30,1.0,0.8864866068260312,1.0,1.0,0.8864866068260312,1.0,30,1.0,0.8864866068260312,1.0,1.0,0.8864866068260312,1.0
branching_tripod_Y__N1200__L25_P050,branching_tripod_Y,1200,L25_P050,25,0.5,30,30,30,30,30,0,30,1.0,0.8864866068260312,1.0,30,1.0,0.8864866068260312,1.0,30,1.0,0.8864866068260312,1.0,1.0,0.8864866068260312,1.0,30,1.0,0.8864866068260312,1.0,1.0,0.8864866068260312,1.0
