cell_id,benchmark,sample_size,cover_cell_id,n_intervals,overlap_frac,d_B_count,d_B_median,d_B_q1,d_B_q3,d_B_min,d_B_max,W1_count,W1_median,W1_q1,W1_q3,W1_min,W1_max,cov_median,cov_q1,cov_q3,cov_min,cov_max
unit_circle_S1__N100__L05_P010,unit_circle_S1,100,L05_P010,5,0.1,30,1.0,1.0,1.0,1.0,1.0,30,2.1506297991800727,2.007191722115442,2.2935219218285,1.3839985057608826,2.4481887761621115,0.97,0.96,0.98,0.93,1.0
unit_circle_S1__N100__L05_P030,unit_circle_S1,100,L05_P030,5,0.3,30,1.0,1.0,1.0,1.0,1.0,30,2.036539644657126,1.9373464451529834,2.254384617397251,1.4588898792619804,2.5107857440308536,0.98,0.97,0.9875,0.93,1.0
unit_circle_S1__N100__L05_P050,unit_circle_S1,100,L05_P050,5,0.5,30,1.0,1.0,1.0,1.0,1.0,30,2.106626773364645,1.930673425273372,2.2194857887436807,1.5280508766324885,2.499185570682788,0.98,0.97,0.99,0.93,1.0
unit_circle_S1__N100__L15_P010,unit_circle_S1,100,L15_P010,15,0.1,30,1.0,1.0,1.0,1.0,1.0,30,2.1300140955301345,2.106543458834443,2.1989243129326406,2.020134531879994,2.3844514113803066,0.85,0.8225,0.86,0.76,0.93
unit_circle_S1__N100__L15_P030,unit_circle_S1,100,L15_P030,15,0.3,30,1.0,1.0,1.0,1.0,1.0,30,2.433974981069359,2.3069972733104844,2.5403019104362645,1.8011805018643412,2.719559471836334,0.93,0.91,0.95,0.85,0.97
unit_circle_S1__N100__L15_P050,unit_circle_S1,100,L15_P050,15,0.5,30,1.0,1.0,1.0,1.0,1.0,30,2.2664514442292973,2.012884236119205,2.512088938106011,1.5870350661694401,2.6702488807496643,0.97,0.96,0.98,0.93,1.0
unit_circle_S1__N100__L25_P010,unit_circle_S1,100,L25_P010,25,0.1,30,1.0,1.0,1.0,1.0,1.0,30,2.070064786214222,2.035913337452766,2.1062248207866445,2.0,2.1690834720822263,0.705,0.67,0.71,0.59,0.78
unit_circle_S1__N100__L25_P030,unit_circle_S1,100,L25_P030,25,0.3,30,1.0,1.0,1.0,1.0,1.0,30,2.2773116406989824,2.226248317614389,2.348033716058522,2.1100146829420026,2.4952943838655837,0.81,0.7925,0.8274999999999999,0.73,0.9
unit_circle_S1__N100__L25_P050,unit_circle_S1,100,L25_P050,25,0.5,30,1.0,1.0,1.0,1.0,1.0,30,2.4707376024439514,2.3814702366868064,2.5739661787892607,2.115797580852518,2.751772326076109,0.935,0.9,0.95,0.85,0.96
unit_circle_S1__N300__L05_P010,unit_circle_S1,300,L05_P010,5,0.1,30,0.1709975662463092,0.15642781767782937,1.0,0.13594859840133444,1.0,30,0.3419951324926185,0.31285563535565875,1.7122839700282826,0.2718971968026689,2.8424628532424485,1.0,1.0,1.0,1.0,1.0
unit_circle_S1__N300__L05_P030,unit_circle_S1,300,L05_P030,5,0.3,30,0.19564794603012353,0.18829797837985296,0.20894484439821487,0.17408256488019613,1.0,30,0.39129589206024706,0.376595956759706,0.41788968879642974,0.34816512976039227,1.9879456429550748,1.0,1.0,1.0,1.0,1.0
unit_circle_S1__N300__L05_P050,unit_circle_S1,300,L05_P050,5,0.5,30,0.25092182511015926,0.2418404835187265,0.27089067126426647,0.2279792130536038,1.0,30,0.5018436502203186,0.483680967037453,0.5417813425285329,0.4559584261072076,1.9665405011964303,1.0,1.0,1.0,1.0,1.0
unit_circle_S1__N300__L15_P010,unit_circle_S1,300,L15_P010,15,0.1,30,1.0,1.0,1.0,1.0,1.0,30,2.8118152930511524,2.671277715897089,2.8545885676429177,1.968689350381392,3.0118045983005226,1.0,1.0,1.0,0.9933333333333333,1.0
unit_circle_S1__N300__L15_P030,unit_circle_S1,300,L15_P030,15,0.3,30,1.0,0.07428561256129831,1.0,0.056638370875658595,1.0,30,1.903838367982551,0.14857122512259668,1.9131741095553423,0.11327674175131719,2.7917204922558954,1.0,1.0,1.0,1.0,1.0
unit_circle_S1__N300__L15_P050,unit_circle_S1,300,L15_P050,15,0.5,30,0.09350314889739085,0.08620409350963876,0.10004430090291977,0.07052523594293425,1.0,30,0.18700629779478173,0.17240818701927751,0.2000886018058396,0.1410504718858685,1.9913278235991716,1.0,1.0,1.0,1.0,1.0
unit_circle_S1__N300__L25_P010,unit_circle_S1,300,L25_P010,25,0.1,30,1.0,1.0,1.0,1.0,1.0,30,2.6626131903333485,2.5560293137616634,2.7329137374108887,2.3016526570405564,2.821780508193962,0.98,0.9683333333333334,0.9866666666666667,0.9533333333333334,0.9966666666666667
unit_circle_S1__N300__L25_P030,unit_circle_S1,300,L25_P030,25,0.3,30,1.0,1.0,1.0,1.0,1.0,30,2.9528440200336457,2.6927611655438874,3.0925574305910466,1.757105364207407,3.3200458146503498,0.9966666666666667,0.9933333333333333,0.9991666666666666,0.99,1.0
unit_circle_S1__N300__L25_P050,unit_circle_S1,300,L25_P050,25,0.5,30,1.0,0.05651688498654747,1.0,0.04520326368883097,1.0,30,1.835874394924603,0.11303376997309494,1.9130656463874112,0.09040652737766197,3.007581515530583,1.0,1.0,1.0,0.9966666666666667,1.0
unit_circle_S1__N600__L05_P010,unit_circle_S1,600,L05_P010,5,0.1,30,0.15588788181366264,0.1482334646769407,0.16246461393101713,0.1350011434721012,1.0,30,0.3117757636273253,0.2964669293538814,0.32492922786203426,0.2700022869442025,1.80666970690408,1.0,1.0,1.0,1.0,1.0
unit_circle_S1__N600__L05_P030,unit_circle_S1,600,L05_P030,5,0.3,30,0.18588478711737214,0.17989638101216818,0.191499826848468,0.1679351574327439,0.2018578881569345,30,0.3717695742347443,0.3597927620243364,0.382999653696936,0.3358703148654878,0.403715776313869,1.0,1.0,1.0,1.0,1.0
unit_circle_S1__N600__L05_P050,unit_circle_S1,600,L05_P050,5,0.5,30,0.23988157297997173,0.2320495138422945,0.24447807129064703,0.22118004451131146,0.2625286149612466,30,0.4797631459599435,0.464099027684589,0.48895614258129416,0.4423600890226229,0.5250572299224932,1.0,1.0,1.0,1.0,1.0
unit_circle_S1__N600__L15_P010,unit_circle_S1,600,L15_P010,15,0.1,30,1.0,1.0,1.0,1.0,1.0,30,2.92451055765133,2.657777980864385,3.113828101507077,1.6125886040727166,3.2216426419126947,1.0,1.0,1.0,1.0,1.0
unit_circle_S1__N600__L15_P030,unit_circle_S1,600,L15_P030,15,0.3,30,0.06584049832709318,0.06336728992948454,0.06932993674645266,0.058458488330501046,1.0,30,0.13168099665418642,0.12673457985896908,0.13865987349290532,0.11691697666100209,1.9200216462778383,1.0,1.0,1.0,1.0,1.0
unit_circle_S1__N600__L15_P050,unit_circle_S1,600,L15_P050,15,0.5,30,0.08969291628519638,0.08595490482308102,0.09242392532523139,0.0808047142031787,0.10067639904959669,30,0.17938583257039276,0.17190980964616204,0.18484785065046277,0.1616094284063574,0.20135279809919338,1.0,1.0,1.0,1.0,1.0
unit_circle_S1__N600__L25_P010,unit_circle_S1,600,L25_P010,25,0.1,30,1.0,1.0,1.0,1.0,1.0,30,3.04470942202939,2.976954309419657,3.0940283151844623,2.651471601232453,3.2803772661999018,1.0,1.0,1.0,0.995,1.0
unit_circle_S1__N600__L25_P030,unit_circle_S1,600,L25_P030,25,0.3,30,1.0,0.04250390905596252,1.0,0.03208111562774883,1.0,30,1.9397730080723266,0.08500781811192504,1.9499864246742686,0.06416223125549769,3.2306905049967556,1.0,1.0,1.0,1.0,1.0
unit_circle_S1__N600__L25_P050,unit_circle_S1,600,L25_P050,25,0.5,30,0.053662650183339655,0.051957843167135975,0.05664007701064605,0.04508505221434056,1.0,30,0.10732530036667931,0.10391568633427195,0.1132801540212921,0.09017010442868112,1.922738813438872,1.0,1.0,1.0,1.0,1.0
unit_circle_S1__N1200__L05_P010,unit_circle_S1,1200,L05_P010,5,0.1,30,0.1536306429510701,0.14979738386121236,0.15666169287679144,0.1433037738454246,0.16384267097972594,30,0.3072612859021402,0.2995947677224247,0.3133233857535829,0.2866075476908492,0.32768534195945187,1.0,1.0,1.0,1.0,1.0
unit_circle_S1__N1200__L05_P030,unit_circle_S1,1200,L05_P030,5,0.3,30,0.18654585214736302,0.18319389068251826,0.18926000565111886,0.17519564985968572,0.20358495546085953,30,0.37309170429472605,0.3663877813650365,0.37852001130223784,0.35039129971937144,0.40716991092171906,1.0,1.0,1.0,1.0,1.0
unit_circle_S1__N1200__L05_P050,unit_circle_S1,1200,L05_P050,5,0.5,30,0.24101756905206265,0.23701364100861597,0.24482085992913297,0.2268282792701808,0.26105703329038416,30,0.48203513810412535,0.47402728201723193,0.48964171985826593,0.4536565585403616,0.5221140665807684,1.0,1.0,1.0,1.0,1.0
unit_circle_S1__N1200__L15_P010,unit_circle_S1,1200,L15_P010,15,0.1,30,1.0,0.29209536422959514,1.0,0.048786575245465466,1.0,30,1.9208358977092863,0.5449609751682873,1.9384401210135502,0.09757315049093096,2.9005141006760082,1.0,1.0,1.0,1.0,1.0
unit_circle_S1__N1200__L15_P030,unit_circle_S1,1200,L15_P030,15,0.3,30,0.06531585301545301,0.06378952870534674,0.06678060514684736,0.059185233361556566,0.06950056598955268,30,0.13063170603090601,0.12757905741069347,0.13356121029369478,0.11837046672311313,0.13900113197910535,1.0,1.0,1.0,1.0,1.0
unit_circle_S1__N1200__L15_P050,unit_circle_S1,1200,L15_P050,15,0.5,30,0.08663026217437703,0.08571426302607185,0.08993295049796196,0.08197821681871441,0.093861007306828,30,0.17326052434875405,0.1714285260521437,0.17986590099592392,0.16395643363742884,0.187722014613656,1.0,1.0,1.0,1.0,1.0
unit_circle_S1__N1200__L25_P010,unit_circle_S1,1200,L25_P010,25,0.1,30,1.0,1.0,1.0,1.0,1.0,30,3.0111697492827205,2.696781462554674,3.1443627196849913,1.7884295213900305,3.4471807310827725,1.0,1.0,1.0,1.0,1.0
unit_circle_S1__N1200__L25_P030,unit_circle_S1,1200,L25_P030,25,0.3,30,0.03890688818661719,0.03783497858755766,0.0408823089863867,0.03443034455449767,0.0433956992448703,30,0.07781377637323439,0.07566995717511532,0.0817646179727734,0.06886068910899534,0.0867913984897406,1.0,1.0,1.0,1.0,1.0
unit_circle_S1__N1200__L25_P050,unit_circle_S1,1200,L25_P050,25,0.5,30,0.05444852518781967,0.05291993529470894,0.05632441179940831,0.04978070866885908,0.05948114586084419,30,0.10889705037563935,0.1058398705894179,0.11264882359881662,0.09956141733771817,0.11896229172168837,1.0,1.0,1.0,1.0,1.0
branching_tripod_Y__N100__L05_P010,branching_tripod_Y,100,L05_P010,5,0.1,30,0.6464046806460244,0.5,0.9967627859739603,0.26242238901842063,1.0,30,1.296547305829954,0.9402414672502327,1.6686463379025984,0.4815760692686224,1.916709462931893,1.0,0.9924999999999999,1.0,0.95,1.0
branching_tripod_Y__N100__L05_P030,branching_tripod_Y,100,L05_P030,5,0.3,30,0.5,0.45437719851446606,0.5,0.2791175023771102,0.8748736134023671,30,0.9616807031906367,0.7793435517326593,1.0559508401306488,0.525753136665347,1.5398073998099582,1.0,1.0,1.0,0.96,1.0
branching_tripod_Y__N100__L05_P050,branching_tripod_Y,100,L05_P050,5,0.5,30,0.5,0.5,0.5,0.35826434291151504,0.930378050986058,30,0.9534050632353359,0.912872566119973,1.0475823908942963,0.6822311855878687,1.4373884150091005,1.0,1.0,1.0,0.96,1.0
branching_tripod_Y__N100__L15_P010,branching_tripod_Y,100,L15_P010,15,0.1,30,1.0,0.9799569701675573,1.0,0.7633814346188641,1.0,30,1.7958768404668555,1.7150146470628793,1.8420962211771592,1.4682047498462585,1.9481556199400742,0.97,0.96,0.98,0.91,1.0
branching_tripod_Y__N100__L15_P030,branching_tripod_Y,100,L15_P030,15,0.3,30,0.6516363210164268,0.5,0.9074654008998411,0.23662050321671096,1.0,30,1.4571380036197725,0.9463939316697395,1.8726429732281797,0.4487621351852935,2.2461504459295423,0.995,0.98,1.0,0.94,1.0
branching_tripod_Y__N100__L15_P050,branching_tripod_Y,100,L15_P050,15,0.5,30,0.5,0.4499372554837879,0.5,0.15400722066721229,0.8748736134023671,30,0.8858752710444452,0.6712288855213112,0.9878337293477838,0.29728359140979776,1.5520212180729795,1.0,1.0,1.0,0.96,1.0
branching_tripod_Y__N100__L25_P010,branching_tripod_Y,100,L25_P010,25,0.1,30,1.0,1.0,1.0,0.9890818043563401,1.0,30,1.6473159321739,1.5917695120447306,1.691566542126249,1.5219286497294693,1.782879284255749,0.82,0.7925,0.8474999999999999,0.73,0.89
branching_tripod_Y__N100__L25_P030,branching_tripod_Y,100,L25_P030,25,0.3,30,1.0,0.9547000434106028,1.0,0.6290616401879086,1.0,30,1.8588168944278642,1.8016373507455956,1.945691000761446,1.4135750839525638,2.0538753858950236,0.93,0.9025000000000001,0.95,0.87,0.98
branching_tripod_Y__N100__L25_P050,branching_tripod_Y,100,L25_P050,25,0.5,30,0.7917802416822285,0.6171104028738101,0.9218644596460508,0.5,1.0,30,1.8152427201977037,1.4359064262972199,1.9951546727987173,0.9981898124350108,2.108960212493831,1.0,0.98,1.0,0.95,1.0
branching_tripod_Y__N300__L05_P010,branching_tripod_Y,300,L05_P010,5,0.1,30,0.2319627298835422,0.22231948368841636,0.25732896424915513,0.21278702490723242,0.6492002742101353,30,0.44951869510393183,0.4374841730478275,0.4844389169124433,0.40573101052111427,0.9111133787796928,1.0,1.0,1.0,1.0,1.0
branching_tripod_Y__N300__L05_P030,branching_tripod_Y,300,L05_P030,5,0.3,30,0.2849303435943898,0.26516832348968733,0.29654356414923005,0.2578422819974159,0.31759520314138645,30,0.549182215788258,0.514362033068517,0.5688729877560275,0.5006333534508713,0.589304070958417,1.0,1.0,1.0,1.0,1.0
branching_tripod_Y__N300__L05_P050,branching_tripod_Y,300,L05_P050,5,0.5,30,0.36135034784496317,0.35420056478162304,0.37688674728742966,0.33552507613842764,0.41445200703465,30,0.7076099237891574,0.6818061042591328,0.7277148553315463,0.6375986582918107,0.7648750586027164,1.0,1.0,1.0,1.0,1.0
branching_tripod_Y__N300__L15_P010,branching_tripod_Y,300,L15_P010,15,0.1,30,0.7584456385289219,0.5231751146587946,0.9988340662714345,0.3544300015121745,1.0,30,1.7896178419811393,1.4518117813449427,1.97053070672797,0.5040174530381639,2.3779783368159317,1.0,1.0,1.0,1.0,1.0
branching_tripod_Y__N300__L15_P030,branching_tripod_Y,300,L15_P030,15,0.3,30,0.13418640350294211,0.12427225340269041,0.140571514515007,0.11796625816318995,0.5285500588719303,30,0.23280012966582964,0.2231345082475747,0.2428249717197939,0.2136808819631686,0.9337988195947226,1.0,1.0,1.0,1.0,1.0
branching_tripod_Y__N300__L15_P050,branching_tripod_Y,300,L15_P050,15,0.5,30,0.1421863978169366,0.13568666491604603,0.1479347690987881,0.1275087955308346,0.18365157219705197,30,0.27125287865326664,0.2586379724599308,0.2838222566772278,0.2503235481417667,0.3269465314582649,1.0,1.0,1.0,1.0,1.0
branching_tripod_Y__N300__L25_P010,branching_tripod_Y,300,L25_P010,25,0.1,30,0.9880274496805943,0.8725296804472169,1.0,0.6817223477274379,1.0,30,2.0810401556232465,1.9764350411285698,2.1748744894817365,1.6752946535831499,2.3124614129943226,1.0,1.0,1.0,0.9933333333333333,1.0
branching_tripod_Y__N300__L25_P030,branching_tripod_Y,300,L25_P030,25,0.3,30,0.38829220574726714,0.08343971458020144,0.5,0.06718148740784147,1.0,30,0.5783385176646048,0.15078467762760545,0.9413158587646735,0.12571204005633252,2.256975936473014,1.0,1.0,1.0,1.0,1.0
branching_tripod_Y__N300__L25_P050,branching_tripod_Y,300,L25_P050,25,0.5,30,0.09188868080512286,0.08839686701477198,0.09884369924954137,0.07660915518683198,0.13452002893157156,30,0.17676082889183242,0.16869588077709124,0.1873623093406795,0.14972236350654744,0.21502135355527752,1.0,1.0,1.0,1.0,1.0
branching_tripod_Y__N600__L05_P010,branching_tripod_Y,600,L05_P010,5,0.1,30,0.23205017727716476,0.2211991693622542,0.23715653416844876,0.20764629652428757,0.2526345049316191,30,0.45304298510389085,0.4352859440089812,0.459952190180201,0.4069439115123712,0.4871548161273931,1.0,1.0,1.0,1.0,1.0
branching_tripod_Y__N600__L05_P030,branching_tripod_Y,600,L05_P030,5,0.3,30,0.2758798549678962,0.2679654141288812,0.2830244700850907,0.24661588960820913,0.290677241712717,30,0.5388838058957581,0.5282446634663674,0.550523608330039,0.4908902407003157,0.5766764806783582,1.0,1.0,1.0,1.0,1.0
branching_tripod_Y__N600__L05_P050,branching_tripod_Y,600,L05_P050,5,0.5,30,0.34841964633373707,0.341450336384964,0.35356750235961804,0.32894804237904685,0.36409821424590405,30,0.6831516788108376,0.6702795579951932,0.6934881409913874,0.6386266506943008,0.7204255336803069,1.0,1.0,1.0,1.0,1.0
branching_tripod_Y__N600__L15_P010,branching_tripod_Y,600,L15_P010,15,0.1,30,0.21484741456369524,0.13453758555425607,0.5,0.12096722516751998,1.0,30,0.2922896481147652,0.2102033599263129,0.9961729153761614,0.20240686344373038,1.9417493410654052,1.0,1.0,1.0,1.0,1.0
branching_tripod_Y__N600__L15_P030,branching_tripod_Y,600,L15_P030,15,0.3,30,0.12965842547988646,0.12595886891605865,0.137239014914747,0.1174454980841324,0.1411929683407141,30,0.22748717008906327,0.22086167214599106,0.23522834993600228,0.205072231578721,0.2455838474261054,1.0,1.0,1.0,1.0,1.0
branching_tripod_Y__N600__L15_P050,branching_tripod_Y,600,L15_P050,15,0.5,30,0.1366926121721409,0.1313463042824594,0.14015515353508176,0.12255061440015158,0.14790428988555837,30,0.263824873698846,0.255395985923876,0.26841505889499,0.23810020649085217,0.28138211628517906,1.0,1.0,1.0,1.0,1.0
branching_tripod_Y__N600__L25_P010,branching_tripod_Y,600,L25_P010,25,0.1,30,0.8079403122503612,0.692468797273244,0.9269661755932004,0.2965012349228777,1.0,30,2.0224613941316205,1.7800200824367385,2.188556034840021,0.6892730990662985,2.447614773334915,1.0,1.0,1.0,1.0,1.0
branching_tripod_Y__N600__L25_P030,branching_tripod_Y,600,L25_P030,25,0.3,30,0.08014344637972332,0.07629216377862838,0.08346733924747882,0.07007151683895951,0.38930421240079904,30,0.14009629250980837,0.13776515703755282,0.1472554908541729,0.123714628305583,0.5729563629995886,1.0,1.0,1.0,1.0,1.0
branching_tripod_Y__N600__L25_P050,branching_tripod_Y,600,L25_P050,25,0.5,30,0.08556986496572769,0.08233739655429309,0.09150615990191369,0.07603152615851137,0.09809421886130287,30,0.1642723023963158,0.15916976592395138,0.17359113037946183,0.15098335646514216,0.18022031660947868,1.0,1.0,1.0,1.0,1.0
branching_tripod_Y__N1200__L05_P010,branching_tripod_Y,1200,L05_P010,5,0.1,30,0.22718066640072584,0.22127512226690443,0.23060128338410515,0.21287178002749596,0.24647318742251323,30,0.4464944261685784,0.4363374322813948,0.45253260389767963,0.4210767649733551,0.4725458782415133,1.0,1.0,1.0,1.0,1.0
branching_tripod_Y__N1200__L05_P030,branching_tripod_Y,1200,L05_P030,5,0.3,30,0.2728185449521168,0.26846865887046323,0.27762374384643446,0.2563718325216794,0.29338234581324574,30,0.5378500367978999,0.5282102699644975,0.5490778635339986,0.5098800499698555,0.5702157442194138,1.0,1.0,1.0,1.0,1.0
branching_tripod_Y__N1200__L05_P050,branching_tripod_Y,1200,L05_P050,5,0.5,30,0.34666678966763104,0.3421788483358013,0.35276395181934306,0.3316630684304157,0.3651815851199589,30,0.6853770397123099,0.6742992856876083,0.6975276967444505,0.6429508259732855,0.7091799299384252,1.0,1.0,1.0,1.0,1.0
branching_tripod_Y__N1200__L15_P010,branching_tripod_Y,1200,L15_P010,15,0.1,30,0.13268822592281884,0.1298956862037023,0.13562724138274396,0.12212743774995272,0.4849495989556938,30,0.21041107923798774,0.20373214266894046,0.21292733648310957,0.19292621191832993,0.6862163022712033,1.0,1.0,1.0,1.0,1.0
branching_tripod_Y__N1200__L15_P030,branching_tripod_Y,1200,L15_P030,15,0.3,30,0.12883944387013474,0.12716774175473203,0.13198717328390155,0.11997294547354365,0.139076955050348,30,0.22715028508835822,0.22151104621855044,0.23005341640772065,0.20975284313039477,0.23721713839397696,1.0,1.0,1.0,1.0,1.0
branching_tripod_Y__N1200__L15_P050,branching_tripod_Y,1200,L15_P050,15,0.5,30,0.1337862258026261,0.12976210480468872,0.1368713235054961,0.12481561778399652,0.14140429327709186,30,0.26098756914797205,0.2549539738506669,0.26414616458887785,0.23914300663495003,0.2733225249394635,1.0,1.0,1.0,1.0,1.0
branching_tripod_Y__N1200__L25_P010,branching_tripod_Y,1200,L25_P010,25,0.1,30,0.2082176539013107,0.0807590084367115,0.48819324389833585,0.07442587586556204,1.0,30,0.3094842011687191,0.12732330231112116,0.842701932512574,0.11360331907540955,1.9766357001538057,1.0,1.0,1.0,1.0,1.0
branching_tripod_Y__N1200__L25_P030,branching_tripod_Y,1200,L25_P030,25,0.3,30,0.07776309693296646,0.07610709995322565,0.08130591012759744,0.07324115469310832,0.0855156399309337,30,0.136757663589255,0.1327878261348605,0.14116848535728732,0.1247890896330075,0.1498232878005208,1.0,1.0,1.0,1.0,1.0
branching_tripod_Y__N1200__L25_P050,branching_tripod_Y,1200,L25_P050,25,0.5,30,0.08342004400837211,0.080396505105744,0.08636538454998652,0.0763667619414451,0.09341796604195496,30,0.16238778821126387,0.1592555027969822,0.1674806947721436,0.15081072327190603,0.17931400176971501,1.0,1.0,1.0,1.0,1.0
