cover_cell_id,n_intervals,overlap_frac,evidence_origin,status,joint_recovered,coverage_fraction,d_B,W_1,n_nodes,n_edges,beta0_graph,beta1_graph,beta0_nerve,beta1_nerve,benchmark
L05_P010,5,0.1,III2A_new_confirmatory,success,True,1.0,0.1598595462541259,0.3197190925082518,8,8,1,1,1,1,unit_circle_S1
L05_P020,5,0.2,III2A_new_confirmatory,success,True,1.0,0.17483866247863833,0.34967732495727666,8,8,1,1,1,1,unit_circle_S1
L05_P030,5,0.3,III2A_new_confirmatory,success,True,1.0,0.19404250386578814,0.3880850077315763,8,8,1,1,1,1,unit_circle_S1
L05_P040,5,0.4,III2A_new_confirmatory,success,True,1.0,0.20747314698250774,0.4149462939650155,8,8,1,1,1,1,unit_circle_S1
L05_P050,5,0.5,III2A_new_confirmatory,success,True,1.0,0.23392291100345264,0.4678458220069053,8,8,1,1,1,1,unit_circle_S1
L10_P010,10,0.1,III2A_new_confirmatory,success,True,1.0,0.075723896565011,0.151447793130022,18,18,1,1,1,1,unit_circle_S1
L10_P020,10,0.2,III2A_new_confirmatory,success,True,1.0,0.08503568844262496,0.17007137688524998,18,18,1,1,1,1,unit_circle_S1
L10_P030,10,0.3,sealed_III1_anchor,success,True,,0.09683077738086054,0.1936615547617211,18,18,1,1,1,1,unit_circle_S1
L10_P040,10,0.4,III2A_new_confirmatory,success,True,1.0,0.11421105695129408,0.22842211390258815,18,18,1,1,1,1,unit_circle_S1
L10_P050,10,0.5,III2A_new_confirmatory,success,True,1.0,0.13231350665702546,0.2646270133140509,18,18,1,1,1,1,unit_circle_S1
L15_P010,15,0.1,III2A_new_confirmatory,success,False,1.0,1.0,2.6260555418562515,28,23,5,0,5,0,unit_circle_S1
L15_P020,15,0.2,III2A_new_confirmatory,success,True,1.0,0.059167103440500246,0.11833420688100049,28,28,1,1,1,1,unit_circle_S1
L15_P030,15,0.3,III2A_new_confirmatory,success,True,1.0,0.06707553648119244,0.13415107296238493,28,28,1,1,1,1,unit_circle_S1
L15_P040,15,0.4,III2A_new_confirmatory,success,True,1.0,0.07297635157814764,0.14595270315629527,28,28,1,1,1,1,unit_circle_S1
L15_P050,15,0.5,III2A_new_confirmatory,success,True,1.0,0.08650426461873983,0.17300852923747967,28,28,1,1,1,1,unit_circle_S1
L20_P010,20,0.1,III2A_new_confirmatory,success,False,1.0,1.0,3.186515931197096,38,32,6,0,6,0,unit_circle_S1
L20_P020,20,0.2,III2A_new_confirmatory,success,True,1.0,0.04397280138188797,0.08794560276377594,38,38,1,1,1,1,unit_circle_S1
L20_P030,20,0.3,III2A_new_confirmatory,success,True,1.0,0.0494742978089493,0.0989485956178986,38,38,1,1,1,1,unit_circle_S1
L20_P040,20,0.4,III2A_new_confirmatory,success,True,1.0,0.0574121139753586,0.11482422795071723,38,38,1,1,1,1,unit_circle_S1
L20_P050,20,0.5,III2A_new_confirmatory,success,True,1.0,0.06831871673969278,0.13663743347938562,38,38,1,1,1,1,unit_circle_S1
L25_P010,25,0.1,III2A_new_confirmatory,success,False,1.0,1.0,2.9010682469881344,48,43,5,0,5,0,unit_circle_S1
L25_P020,25,0.2,III2A_new_confirmatory,success,False,1.0,1.0,1.9459405236846177,48,47,1,0,1,0,unit_circle_S1
L25_P030,25,0.3,III2A_new_confirmatory,success,True,1.0,0.0399157969387105,0.079831593877421,48,48,1,1,1,1,unit_circle_S1
L25_P040,25,0.4,III2A_new_confirmatory,success,True,1.0,0.04503991178714316,0.09007982357428634,48,48,1,1,1,1,unit_circle_S1
L25_P050,25,0.5,III2A_new_confirmatory,success,True,1.0,0.055130884299581906,0.11026176859916381,48,48,1,1,1,1,unit_circle_S1
L05_P010,5,0.1,III2A_new_confirmatory,success,True,1.0,0.22480041608914778,0.44902780614484783,7,6,1,0,1,0,branching_tripod_Y
L05_P020,5,0.2,III2A_new_confirmatory,success,True,1.0,0.24269104732130575,0.4778266131810933,7,6,1,0,1,0,branching_tripod_Y
L05_P030,5,0.3,III2A_new_confirmatory,success,True,1.0,0.2686710101690878,0.5309065345573587,7,6,1,0,1,0,branching_tripod_Y
L05_P040,5,0.4,III2A_new_confirmatory,success,True,1.0,0.35129606468067753,0.6394432048278373,6,5,1,0,1,0,branching_tripod_Y
L05_P050,5,0.5,III2A_new_confirmatory,success,True,1.0,0.3335402618007184,0.6611376025914102,6,5,1,0,1,0,branching_tripod_Y
L10_P010,10,0.1,III2A_new_confirmatory,success,True,1.0,0.12226422629212996,0.23726734625322288,14,13,1,0,1,0,branching_tripod_Y
L10_P020,10,0.2,III2A_new_confirmatory,success,True,1.0,0.13790391346228514,0.26700903913553353,14,13,1,0,1,0,branching_tripod_Y
L10_P030,10,0.3,sealed_III1_anchor,success,True,,0.14742780962289204,0.29093216921233767,14,13,1,0,1,0,branching_tripod_Y
L10_P040,10,0.4,III2A_new_confirmatory,success,True,1.0,0.1635906884807734,0.32296325502457623,14,13,1,0,1,0,branching_tripod_Y
L10_P050,10,0.5,III2A_new_confirmatory,success,True,1.0,0.19236370948500947,0.37814094704573287,14,13,1,0,1,0,branching_tripod_Y
L15_P010,15,0.1,III2A_new_confirmatory,success,True,1.0,0.13528445513438525,0.21019433476221705,21,20,1,0,1,0,branching_tripod_Y
L15_P020,15,0.2,III2A_new_confirmatory,success,True,1.0,0.1297487425531142,0.21439345671193522,21,20,1,0,1,0,branching_tripod_Y
L15_P030,15,0.3,III2A_new_confirmatory,success,True,1.0,0.12319882792300138,0.2150177071997652,21,20,1,0,1,0,branching_tripod_Y
L15_P040,15,0.4,III2A_new_confirmatory,success,True,1.0,0.12268932726658366,0.2307373303743725,21,20,1,0,1,0,branching_tripod_Y
L15_P050,15,0.5,III2A_new_confirmatory,success,True,1.0,0.13790391346228478,0.2695794308520929,21,20,1,0,1,0,branching_tripod_Y
L20_P010,20,0.1,III2A_new_confirmatory,success,True,1.0,0.06436309886852452,0.11943378630683532,29,28,1,0,1,0,branching_tripod_Y
L20_P020,20,0.2,III2A_new_confirmatory,success,True,1.0,0.06436309886852484,0.12746619216120858,29,28,1,0,1,0,branching_tripod_Y
L20_P030,20,0.3,III2A_new_confirmatory,success,True,1.0,0.07311754278249993,0.1426315866025778,29,28,1,0,1,0,branching_tripod_Y
L20_P040,20,0.4,III2A_new_confirmatory,success,True,1.0,0.13889530154179985,0.22118653139862454,28,27,1,0,1,0,branching_tripod_Y
L20_P050,20,0.5,III2A_new_confirmatory,success,True,1.0,0.13908849289953618,0.23090737217629997,28,27,1,0,1,0,branching_tripod_Y
L25_P010,25,0.1,III2A_new_confirmatory,success,True,1.0,0.08310706161722148,0.1251454701422594,36,35,1,0,1,0,branching_tripod_Y
L25_P020,25,0.2,III2A_new_confirmatory,success,True,1.0,0.08357373677529531,0.131573601906255,36,35,1,0,1,0,branching_tripod_Y
L25_P030,25,0.3,III2A_new_confirmatory,success,True,1.0,0.08292805827116365,0.14065685519853854,36,35,1,0,1,0,branching_tripod_Y
L25_P040,25,0.4,III2A_new_confirmatory,success,True,1.0,0.08367285122594015,0.15053419886005925,36,35,1,0,1,0,branching_tripod_Y
L25_P050,25,0.5,III2A_new_confirmatory,success,True,1.0,0.08695652550767075,0.16698832188761248,36,35,1,0,1,0,branching_tripod_Y
