dataset_id,method_id,noise_sigma,N_intended,N_attempted,sil_N_defined,sil_mean,sil_std,sil_median,sil_iqr,db_N_defined,db_mean,db_std,db_median,db_iqr,mean_noise_fraction,mean_unclustered_fraction
unit_circle_S1,conventional,0.0,1,1,1,0.9392030198189358,0.0,0.9392030198189358,0.0,1,0.09009497504609215,0.0,0.09009497504609215,0.0,0.0,0.0
unit_circle_S1,conventional,0.01,30,30,30,0.935377527619469,0.0004860822465618518,0.9353261009953426,0.0006307113685688481,30,0.09513396887225004,0.0007632969810229,0.09523977486127465,0.0007862398281507088,0.0,0.0
unit_circle_S1,conventional,0.03,30,30,30,0.9226255175268048,0.0019092005304260343,0.922972804523219,0.0017634881642850653,30,0.1123067071245599,0.00296997115275821,0.11172529334329742,0.003198117311646778,6.459325439386789e-05,0.0
unit_circle_S1,conventional,0.05,30,30,30,0.8997070133078781,0.008195633280472044,0.9002863698011033,0.006868287264697237,30,0.1405454745715725,0.007669860378599121,0.14168200882657914,0.008492080887297415,0.0004178238243542919,0.0
unit_circle_S1,conventional,0.08,30,30,30,0.8969369426038186,0.014506859178331858,0.9024806483919972,0.006856757997814378,30,0.1438797470978383,0.01168799874490855,0.13924578137534388,0.008479498661395912,0.0017204884293568709,0.0006333333333333334
unit_circle_S1,conventional,0.1,30,30,30,0.8649720093503656,0.02297768789164108,0.8741707717024727,0.03236230941927576,30,0.1758871673908977,0.01311641039809944,0.17551843632376854,0.01912737047555188,0.004264239457110256,0.001566666666666667
unit_circle_S1,f_mapper,0.0,1,1,1,0.9291563990266476,0.0,0.9291563990266476,0.0,1,0.10412896328111995,0.0,0.10412896328111995,0.0,0.0,0.0
unit_circle_S1,f_mapper,0.01,30,30,30,0.9274920281023713,0.0006264927019779189,0.927493970442242,0.0008793023550333068,30,0.10615701803173168,0.0009497437928543098,0.1060780219294891,0.001139653660172768,0.0,0.0
unit_circle_S1,f_mapper,0.03,30,30,30,0.917048864715245,0.0017433328888582342,0.9168950129595316,0.002484445310192096,30,0.11957197624178091,0.0024971216345606637,0.11982034958598417,0.0032131902094872933,0.00019015139550288153,0.0
unit_circle_S1,f_mapper,0.05,30,30,25,0.9006753745974702,0.007769506430223869,0.9011052372752051,0.009058387922409095,25,0.13825887684760818,0.007504847913643598,0.13854500152395266,0.008947961342246707,0.0003135454560088078,0.0
unit_circle_S1,f_mapper,0.08,30,30,24,0.889346499649888,0.032827014797854374,0.9005421432114964,0.012296656604478984,24,0.15450409926446051,0.04459410820899609,0.14023621999084357,0.017085701494187477,0.002789565098106482,0.0009166666666666668
unit_circle_S1,f_mapper,0.1,30,30,20,0.8757067307870144,0.02047459317738773,0.8857325064302342,0.027405577203141518,20,0.16570073990843498,0.015088086261387905,0.16068012306233107,0.021682755955842153,0.0038163500964513907,0.00165
swiss_roll_with_hole,conventional,0.0,1,1,1,0.05274267173903548,0.0,0.05274267173903548,0.0,1,0.8059207143825677,0.0,0.8059207143825677,0.0,0.05315341866167502,0.04551539491298527
swiss_roll_with_hole,conventional,0.01,30,30,30,0.07105667062525783,0.016112126646700323,0.06807993543455829,0.014903415278776068,30,0.8017005932172009,0.011005244728478272,0.8008797282015482,0.017870630975807433,0.05338126744806795,0.045812881154246615
swiss_roll_with_hole,conventional,0.03,30,30,30,0.0900849019370964,0.022722333078325063,0.08567197025677653,0.029140476825578868,30,0.8034436893134143,0.026199197065547408,0.7972932025624375,0.02887459751342769,0.05798817324903893,0.04652684813327384
swiss_roll_with_hole,conventional,0.05,30,30,30,0.1102796419519317,0.027988436190973028,0.10814611611213687,0.03379508161118777,30,0.801456717429195,0.036764352946791166,0.7981768160288247,0.0314529729707792,0.06588614958324795,0.049278595864941245
swiss_roll_with_hole,conventional,0.08,30,30,30,0.11158044887701296,0.0351352741815191,0.1097774905327758,0.046670693634390165,30,0.7984216053820162,0.04202971911690956,0.79824421025105,0.06119450879607258,0.07858038115543323,0.04990331697159007
swiss_roll_with_hole,conventional,0.1,30,30,30,0.10848176980779677,0.028769990627506004,0.10453907454488509,0.035725352357373286,30,0.8031931079847271,0.03503895620354752,0.7995807652025771,0.035212243856052816,0.08972106967485874,0.053993752788933515
swiss_roll_with_hole,f_mapper,0.0,1,1,1,0.050722665678917,0.0,0.050722665678917,0.0,1,0.8873361863308499,0.0,0.8873361863308499,0.0,0.055788741997048676,0.04551539491298527
swiss_roll_with_hole,f_mapper,0.01,30,30,30,0.07797135440275814,0.024549281414990947,0.07176122902207106,0.03473627602898083,30,0.8697981399729138,0.022519980542330755,0.8679414376446537,0.015236562807735665,0.05571878767463503,0.045812881154246615
swiss_roll_with_hole,f_mapper,0.03,30,30,30,0.11243951614288691,0.03144278027347415,0.10955688147463559,0.03471449419121013,30,0.8156390742435842,0.04236163829753742,0.8246995321372661,0.07131286585970853,0.059403733071953804,0.04652684813327384
swiss_roll_with_hole,f_mapper,0.05,30,30,30,0.12716175904032523,0.03223783526893784,0.1210875207556101,0.03757260539644372,30,0.8164633265871786,0.04972505653084715,0.8238335644332,0.07016156522650685,0.06709388595367166,0.049278595864941245
swiss_roll_with_hole,f_mapper,0.08,30,30,30,0.1479818180869236,0.035173697135431156,0.14995630414659594,0.04791589876575503,30,0.7973522606800735,0.05324899156237321,0.7942702667353861,0.07800274319395295,0.0792645896007003,0.0500223114680946
swiss_roll_with_hole,f_mapper,0.1,30,30,29,0.1210950618653362,0.03403546885654431,0.12321236325996106,0.0443608760406726,29,0.8111150727422992,0.044204467229747885,0.8232606453098196,0.04885205073765719,0.09180640833991402,0.055009309267722246
digits_1797x64_scaled16,conventional,0.0,1,1,1,0.22983197240025577,0.0,0.22983197240025577,0.0,1,1.3092342614583625,0.0,1.3092342614583625,0.0,0.09721791515162417,0.08681135225375626
digits_1797x64_scaled16,conventional,0.01,30,30,30,0.22935022011848616,0.004127215746950799,0.22935937460020833,0.004914250244671264,30,1.307713659072872,0.011044090780942564,1.3083227483475124,0.013915230879941953,0.10037369471643218,0.09130031534038213
digits_1797x64_scaled16,conventional,0.03,30,30,30,0.21897770288651625,0.008519086203889728,0.21957760408377716,0.009882055032589931,30,1.3115144321561831,0.026911827510284553,1.3124167418636778,0.035220633385529165,0.11846878574259419,0.11074012242626602
digits_1797x64_scaled16,conventional,0.05,30,30,30,0.20405323950779636,0.010567922954444997,0.20544642158676799,0.01242076523877722,30,1.3325923130498063,0.03174053303360253,1.3348547859851059,0.04057388980324372,0.15875612482981893,0.1512706362455945
digits_1797x64_scaled16,conventional,0.08,30,30,30,0.19574527219118218,0.01157094417084538,0.19728184777471486,0.01830354773169962,30,1.3455378307560615,0.03584358713536538,1.35130730122633,0.05551868213287814,0.3546495744355041,0.33233166388425145
digits_1797x64_scaled16,conventional,0.1,30,30,30,0.2067606691242811,0.01789800504307247,0.20432003068402751,0.029725290816140504,30,1.3534362970773561,0.04345784893995564,1.3538869570377803,0.05366795231619381,0.6546502532311652,0.6236876275273605
digits_1797x64_scaled16,f_mapper,0.0,1,1,0,,,,,0,,,,,,
digits_1797x64_scaled16,f_mapper,0.01,30,30,9,0.23302464100508066,0.0026566462468365034,0.23385943194239756,0.004067386060811112,9,1.309819144571354,0.0162736456978306,1.3027360232023149,0.017951309232228096,0.11250130023899547,0.10999814505657578
digits_1797x64_scaled16,f_mapper,0.03,30,30,19,0.22742860791309,0.005915340469153431,0.2277269834350394,0.00934987545441282,19,1.3089105243489576,0.022099833556843352,1.3083691303845655,0.02258840598255807,0.1343820769508159,0.13068564566675453
digits_1797x64_scaled16,f_mapper,0.05,30,30,13,0.22868518633700202,0.007744829620956027,0.22848323514307045,0.008354131266965298,13,1.301950973404592,0.03211978173782168,1.3056043666601114,0.039476430506055316,0.18209251596184367,0.1791447283934763
digits_1797x64_scaled16,f_mapper,0.08,30,30,21,0.22107872706367435,0.014980624260614127,0.22263984487527147,0.01523571697971221,21,1.301394191999084,0.04833626386583868,1.306935266975195,0.07208131340068769,0.37856051210461883,0.37308212099530963
digits_1797x64_scaled16,f_mapper,0.1,30,30,16,0.22649357042686555,0.01583255759961035,0.22269253540407977,0.014492748579940679,16,1.3099375642305888,0.04295834010184742,1.3192821315768646,0.05280706464751894,0.6667432836768956,0.6526154702281581
