run_id,dataset_id,method_id,noise_condition_id,noise_sigma,replication_id,perturbation_seed,data_seed,status,scientific_evidence_eligible,primary_stability_eligible,bottleneck_distance,wasserstein_distance,coverage_fraction,n_nodes,n_edges,n_components,beta_0_graph,beta_1_graph,beta_0_nerve,beta_1_nerve,wall_time_seconds,cpu_time_seconds
M6A2__swiss_roll_with_hole__conventional__sigma_0.00__rep0__3b96f0f2e3f276f4,swiss_roll_with_hole,conventional,sigma_0.00,0.0,0,,42,success,True,True,1.7375523025320634e-308,0.0,0.9544846050870147,144.0,64.0,80.0,80.0,0.0,80.0,0.0,0.05751925700042193,0.05750032400000027
M6A2__swiss_roll_with_hole__f_mapper__sigma_0.00__rep0__ae0847ec6f406743,swiss_roll_with_hole,f_mapper,sigma_0.00,0.0,0,,42,success,True,True,2.1507699361758847e-308,0.0,0.9544846050870147,123.0,43.0,80.0,80.0,0.0,80.0,0.0,5.089225810999778,5.08818984
M6A2__swiss_roll_with_hole__conventional__sigma_0.01__rep1__585e822912d37235,swiss_roll_with_hole,conventional,sigma_0.01,0.01,1,445561018.0,42,success,True,True,0.2582014612577259,0.9074373479529187,0.9531459170013387,143.0,63.0,80.0,80.0,0.0,80.0,0.0,0.03736354400007258,0.037358391999999796
M6A2__swiss_roll_with_hole__f_mapper__sigma_0.01__rep1__bf0652bc6119fd6d,swiss_roll_with_hole,f_mapper,sigma_0.01,0.01,1,445561018.0,42,success,True,True,0.6456444099659993,1.2955278710829838,0.9531459170013387,127.0,47.0,80.0,80.0,0.0,80.0,0.0,5.25368812600027,5.252947817000001
M6A2__swiss_roll_with_hole__conventional__sigma_0.01__rep2__96b506b9b06e78d7,swiss_roll_with_hole,conventional,sigma_0.01,0.01,2,994639277.0,42,success,True,True,0.2019856036410772,0.9229182778318652,0.9553770638107988,141.0,61.0,80.0,80.0,0.0,80.0,0.0,0.034339083999839204,0.03433844199999925
M6A2__swiss_roll_with_hole__f_mapper__sigma_0.01__rep2__aaf6e2c2e5bcb5dd,swiss_roll_with_hole,f_mapper,sigma_0.01,0.01,2,994639277.0,42,success,True,True,0.6048431550508351,0.9657487251875665,0.9553770638107988,122.0,42.0,80.0,80.0,0.0,80.0,0.0,5.073509999000635,5.072685562000002
M6A2__swiss_roll_with_hole__conventional__sigma_0.01__rep3__0ae94d0d1e613dd1,swiss_roll_with_hole,conventional,sigma_0.01,0.01,3,1330295147.0,42,success,True,True,0.621945630680127,2.14583844959029,0.9544846050870147,138.0,61.0,77.0,77.0,0.0,77.0,0.0,0.033077676000175416,0.033075118999999376
M6A2__swiss_roll_with_hole__f_mapper__sigma_0.01__rep3__0eefc3fe280b0d9a,swiss_roll_with_hole,f_mapper,sigma_0.01,0.01,3,1330295147.0,42,success,True,True,0.42710606415304575,1.5395732605548371,0.9544846050870147,122.0,45.0,77.0,77.0,0.0,77.0,0.0,4.995881167000334,4.994767460999999
M6A2__swiss_roll_with_hole__conventional__sigma_0.01__rep4__05477d232b894911,swiss_roll_with_hole,conventional,sigma_0.01,0.01,4,979196002.0,42,success,True,True,0.2019856036410772,0.8556687455317169,0.9518072289156626,139.0,60.0,79.0,79.0,0.0,79.0,0.0,0.031169594999482797,0.03116816700000058
M6A2__swiss_roll_with_hole__f_mapper__sigma_0.01__rep4__37ea991d993b8024,swiss_roll_with_hole,f_mapper,sigma_0.01,0.01,4,979196002.0,42,success,True,True,0.18601053148585756,0.7846608771479886,0.9518072289156626,125.0,46.0,79.0,79.0,0.0,79.0,0.0,5.139850239000225,5.139219824000001
M6A2__swiss_roll_with_hole__conventional__sigma_0.01__rep5__c4cefaa8e4f50b28,swiss_roll_with_hole,conventional,sigma_0.01,0.01,5,2123182987.0,42,success,True,True,0.2960523384656568,1.10865802885868,0.9522534582775547,138.0,59.0,79.0,79.0,0.0,79.0,0.0,0.031379619000290404,0.03137814200000122
M6A2__swiss_roll_with_hole__f_mapper__sigma_0.01__rep5__81eacb8f22f5b8fe,swiss_roll_with_hole,f_mapper,sigma_0.01,0.01,5,2123182987.0,42,success,True,True,0.19424195970454328,0.5768119166772534,0.9522534582775547,124.0,45.0,79.0,79.0,0.0,79.0,0.0,5.153788132000045,5.153282533999999
M6A2__swiss_roll_with_hole__conventional__sigma_0.01__rep6__4beca16a5612147c,swiss_roll_with_hole,conventional,sigma_0.01,0.01,6,387247611.0,42,success,True,True,0.2019856036410772,0.9623325293891059,0.9531459170013387,137.0,57.0,80.0,80.0,0.0,80.0,0.0,0.03347795599984238,0.033483736000000874
M6A2__swiss_roll_with_hole__f_mapper__sigma_0.01__rep6__9773d8b2ba792b18,swiss_roll_with_hole,f_mapper,sigma_0.01,0.01,6,387247611.0,42,success,True,True,0.31811102128009416,0.9358503697442231,0.9531459170013387,126.0,46.0,80.0,80.0,0.0,80.0,0.0,5.1809976320000715,5.180416344999998
M6A2__swiss_roll_with_hole__conventional__sigma_0.01__rep7__5e0d3c112c3f2c0c,swiss_roll_with_hole,conventional,sigma_0.01,0.01,7,992719700.0,42,success,True,True,0.2879981054398648,1.452134496283024,0.9553770638107988,145.0,63.0,82.0,82.0,0.0,82.0,0.0,0.0328821990005963,0.03288377899999517
M6A2__swiss_roll_with_hole__f_mapper__sigma_0.01__rep7__6852ea8fc82d3257,swiss_roll_with_hole,f_mapper,sigma_0.01,0.01,7,992719700.0,42,success,True,True,0.6447336691663983,1.3936831004408141,0.9553770638107988,129.0,47.0,82.0,82.0,0.0,82.0,0.0,5.283945288999348,5.282691138000004
M6A2__swiss_roll_with_hole__conventional__sigma_0.01__rep8__1c7df33d0cfe5a22,swiss_roll_with_hole,conventional,sigma_0.01,0.01,8,1215325829.0,42,success,True,True,0.1688161467919187,1.1301496409271117,0.9531459170013387,140.0,58.0,82.0,82.0,0.0,82.0,0.0,0.03342509400044946,0.03341990599999889
M6A2__swiss_roll_with_hole__f_mapper__sigma_0.01__rep8__ab8464d1aeab4bd2,swiss_roll_with_hole,f_mapper,sigma_0.01,0.01,8,1215325829.0,42,success,True,True,0.14230008659850846,0.7012289681268333,0.9531459170013387,126.0,44.0,82.0,82.0,0.0,82.0,0.0,5.270203283000228,5.268740537000006
M6A2__swiss_roll_with_hole__conventional__sigma_0.01__rep9__b42cf2bc7ff1d793,swiss_roll_with_hole,conventional,sigma_0.01,0.01,9,865897115.0,42,success,True,True,0.22703816799206678,1.1594539501043695,0.9531459170013387,141.0,61.0,80.0,80.0,0.0,80.0,0.0,0.029913164999925357,0.02991238999999979
M6A2__swiss_roll_with_hole__f_mapper__sigma_0.01__rep9__f81fdf832d137f09,swiss_roll_with_hole,f_mapper,sigma_0.01,0.01,9,865897115.0,42,success,True,True,0.6029485452646259,2.042541970566562,0.9531459170013387,125.0,45.0,80.0,80.0,0.0,80.0,0.0,5.331097733000206,5.329650873000006
M6A2__swiss_roll_with_hole__conventional__sigma_0.01__rep10__e4a3add1d0ec7e1f,swiss_roll_with_hole,conventional,sigma_0.01,0.01,10,1646104963.0,42,success,True,True,0.2857604310404209,0.6614837770070956,0.9522534582775547,147.0,64.0,83.0,83.0,0.0,83.0,0.0,0.031534464999822376,0.03153355399999924
M6A2__swiss_roll_with_hole__f_mapper__sigma_0.01__rep10__178ce23be7214359,swiss_roll_with_hole,f_mapper,sigma_0.01,0.01,10,1646104963.0,42,success,True,True,0.6057824891776917,1.1092957273164616,0.9522534582775547,124.0,41.0,83.0,83.0,0.0,83.0,0.0,6.32834756200009,6.325886773000001
M6A2__swiss_roll_with_hole__conventional__sigma_0.01__rep11__06e9f7482385cfd1,swiss_roll_with_hole,conventional,sigma_0.01,0.01,11,1595304498.0,42,success,True,True,0.6215566118480216,1.4351328316237382,0.9540383757251227,144.0,63.0,81.0,81.0,0.0,81.0,0.0,0.03622239400010585,0.03622010499999817
M6A2__swiss_roll_with_hole__f_mapper__sigma_0.01__rep11__3470ce98d778f652,swiss_roll_with_hole,f_mapper,sigma_0.01,0.01,11,1595304498.0,42,success,True,True,0.5354473480004245,2.1566553260286128,0.9540383757251227,126.0,45.0,81.0,81.0,0.0,81.0,0.0,5.1280381939996005,5.12715178700001
M6A2__swiss_roll_with_hole__conventional__sigma_0.01__rep12__0f1a7d668f09c8bc,swiss_roll_with_hole,conventional,sigma_0.01,0.01,12,838379405.0,42,success,True,True,0.15930703620457987,0.7624669168644793,0.9549308344489067,140.0,58.0,82.0,82.0,0.0,82.0,0.0,0.029544265000367886,0.029542845999998235
M6A2__swiss_roll_with_hole__f_mapper__sigma_0.01__rep12__4376a70edab807c2,swiss_roll_with_hole,f_mapper,sigma_0.01,0.01,12,838379405.0,42,success,True,True,0.22702348931453065,0.6990006585886088,0.9549308344489067,127.0,45.0,82.0,82.0,0.0,82.0,0.0,5.269724005000171,5.267954950000004
M6A2__swiss_roll_with_hole__conventional__sigma_0.01__rep13__28192938bfee802d,swiss_roll_with_hole,conventional,sigma_0.01,0.01,13,1244850969.0,42,success,True,True,0.2865191456760101,1.1283044360461467,0.9531459170013387,141.0,59.0,82.0,82.0,0.0,82.0,0.0,0.033517158999529784,0.03351649799999734
M6A2__swiss_roll_with_hole__f_mapper__sigma_0.01__rep13__4ab92120ea4381c4,swiss_roll_with_hole,f_mapper,sigma_0.01,0.01,13,1244850969.0,42,success,True,True,0.397889780729173,1.2597670678672754,0.9531459170013387,129.0,47.0,82.0,82.0,0.0,82.0,0.0,5.245254911999837,5.24432212100001
M6A2__swiss_roll_with_hole__conventional__sigma_0.01__rep14__f0d6aeedc83e5774,swiss_roll_with_hole,conventional,sigma_0.01,0.01,14,1854444729.0,42,success,True,True,0.2895671519941416,0.5923127785940228,0.9553770638107988,144.0,62.0,82.0,82.0,0.0,82.0,0.0,0.03395758599981491,0.033937026999993236
M6A2__swiss_roll_with_hole__f_mapper__sigma_0.01__rep14__a82355fb06d6d729,swiss_roll_with_hole,f_mapper,sigma_0.01,0.01,14,1854444729.0,42,success,True,True,0.6002815043710008,1.2042227409011517,0.9553770638107988,124.0,42.0,82.0,82.0,0.0,82.0,0.0,5.191465246000007,5.190622675
M6A2__swiss_roll_with_hole__conventional__sigma_0.01__rep15__a683d5bf879c35f0,swiss_roll_with_hole,conventional,sigma_0.01,0.01,15,883393200.0,42,success,True,True,0.22629995535611513,1.471654074643677,0.9526996876394467,144.0,61.0,83.0,83.0,0.0,83.0,0.0,0.030641915999694902,0.03064115799999456
M6A2__swiss_roll_with_hole__f_mapper__sigma_0.01__rep15__9d6a7fecfc8e56a5,swiss_roll_with_hole,f_mapper,sigma_0.01,0.01,15,883393200.0,42,success,True,True,0.6471357646722518,1.1032073582310908,0.9526996876394467,129.0,46.0,83.0,83.0,0.0,83.0,0.0,5.204040569999961,5.2032073650000115
M6A2__swiss_roll_with_hole__conventional__sigma_0.01__rep16__aec65931afbe4455,swiss_roll_with_hole,conventional,sigma_0.01,0.01,16,625918766.0,42,success,True,True,0.3839930855690987,1.4817346387878443,0.9562695225345827,139.0,59.0,80.0,80.0,0.0,80.0,0.0,0.030768648999583093,0.030767967000002727
M6A2__swiss_roll_with_hole__f_mapper__sigma_0.01__rep16__b92072eea25db043,swiss_roll_with_hole,f_mapper,sigma_0.01,0.01,16,625918766.0,42,success,True,True,0.431587913983833,1.3743038187068493,0.9562695225345827,123.0,43.0,80.0,80.0,0.0,80.0,0.0,5.230900347999523,5.229415508000002
M6A2__swiss_roll_with_hole__conventional__sigma_0.01__rep17__c635e18ed37f4d94,swiss_roll_with_hole,conventional,sigma_0.01,0.01,17,1820871787.0,42,success,True,True,0.26568748452255075,0.7463768162566202,0.9544846050870147,141.0,62.0,79.0,79.0,0.0,79.0,0.0,0.029039021000244247,0.029022940999993807
M6A2__swiss_roll_with_hole__f_mapper__sigma_0.01__rep17__0fd119814c751fd5,swiss_roll_with_hole,f_mapper,sigma_0.01,0.01,17,1820871787.0,42,success,True,True,0.6501338909046449,2.133916164823051,0.9544846050870147,125.0,46.0,79.0,79.0,0.0,79.0,0.0,5.239074604999587,5.2384244650000085
M6A2__swiss_roll_with_hole__conventional__sigma_0.01__rep18__5421584c992db48b,swiss_roll_with_hole,conventional,sigma_0.01,0.01,18,87547744.0,42,success,True,True,0.2960523384656568,1.185452365128774,0.9553770638107988,143.0,61.0,82.0,82.0,0.0,82.0,0.0,0.03046911299952626,0.030467493000003287
M6A2__swiss_roll_with_hole__f_mapper__sigma_0.01__rep18__0bea9cd97c044c33,swiss_roll_with_hole,f_mapper,sigma_0.01,0.01,18,87547744.0,42,success,True,True,0.5872474760626396,1.1919833747431827,0.9553770638107988,126.0,44.0,82.0,82.0,0.0,82.0,0.0,5.150727733999702,5.149234991
M6A2__swiss_roll_with_hole__conventional__sigma_0.01__rep19__bb31037cda4cb33d,swiss_roll_with_hole,conventional,sigma_0.01,0.01,19,1799826012.0,42,success,True,True,0.3941965553505131,2.192863678508946,0.9535921463632308,135.0,58.0,77.0,77.0,0.0,77.0,0.0,0.035694918000444886,0.03564580600000511
M6A2__swiss_roll_with_hole__f_mapper__sigma_0.01__rep19__0a258dcf25d6cef9,swiss_roll_with_hole,f_mapper,sigma_0.01,0.01,19,1799826012.0,42,success,True,True,0.4486848847041607,1.2935494084227264,0.9535921463632308,118.0,41.0,77.0,77.0,0.0,77.0,0.0,5.243892655000309,5.242878339000001
M6A2__swiss_roll_with_hole__conventional__sigma_0.01__rep20__3d6092f8c3587c64,swiss_roll_with_hole,conventional,sigma_0.01,0.01,20,2095019272.0,42,success,True,True,0.28727995084009095,0.7309505476647438,0.9558232931726908,145.0,63.0,82.0,82.0,0.0,82.0,0.0,0.04117176399995515,0.04116839600000333
M6A2__swiss_roll_with_hole__f_mapper__sigma_0.01__rep20__2f9773650bd06d3f,swiss_roll_with_hole,f_mapper,sigma_0.01,0.01,20,2095019272.0,42,success,True,True,0.19147907568121525,0.7409022354225896,0.9558232931726908,128.0,46.0,82.0,82.0,0.0,82.0,0.0,5.1961759780006105,5.195650080999997
M6A2__swiss_roll_with_hole__conventional__sigma_0.01__rep21__0177327feaf2edc5,swiss_roll_with_hole,conventional,sigma_0.01,0.01,21,822247491.0,42,success,True,True,0.28904710873155715,1.0924250422936685,0.9553770638107988,141.0,59.0,82.0,82.0,0.0,82.0,0.0,0.05878733699955774,0.058543235000001914
M6A2__swiss_roll_with_hole__f_mapper__sigma_0.01__rep21__de0d39d22253647c,swiss_roll_with_hole,f_mapper,sigma_0.01,0.01,21,822247491.0,42,success,True,True,0.6043825761154231,1.1845105056918852,0.9553770638107988,126.0,44.0,82.0,82.0,0.0,82.0,0.0,5.1124582069996904,5.111866264
M6A2__swiss_roll_with_hole__conventional__sigma_0.01__rep22__45b6b7084c8b73a6,swiss_roll_with_hole,conventional,sigma_0.01,0.01,22,918703354.0,42,success,True,True,0.13149234555152756,0.5436380549143971,0.9509147701918786,139.0,60.0,79.0,79.0,0.0,79.0,0.0,0.03001951700025529,0.0300045219999987
M6A2__swiss_roll_with_hole__f_mapper__sigma_0.01__rep22__8da4f2bd34ee7c44,swiss_roll_with_hole,f_mapper,sigma_0.01,0.01,22,918703354.0,42,success,True,True,0.09198254334603284,0.376593271624734,0.9509147701918786,123.0,44.0,79.0,79.0,0.0,79.0,0.0,5.141634884999803,5.141202328000006
M6A2__swiss_roll_with_hole__conventional__sigma_0.01__rep23__eea0838e2099ae1f,swiss_roll_with_hole,conventional,sigma_0.01,0.01,23,849073732.0,42,success,True,True,0.28822533382053095,0.8977761202104615,0.9531459170013387,143.0,63.0,80.0,80.0,0.0,80.0,0.0,0.03647533799994562,0.0364025970000057
M6A2__swiss_roll_with_hole__f_mapper__sigma_0.01__rep23__b89d1b0852519c8f,swiss_roll_with_hole,f_mapper,sigma_0.01,0.01,23,849073732.0,42,success,True,True,0.5999973120338424,1.229282705106093,0.9531459170013387,122.0,42.0,80.0,80.0,0.0,80.0,0.0,5.079604272999859,5.0790950760000015
M6A2__swiss_roll_with_hole__conventional__sigma_0.01__rep24__49c80749679f2014,swiss_roll_with_hole,conventional,sigma_0.01,0.01,24,1549901081.0,42,success,True,True,0.38628116506194665,1.9227548968313002,0.9544846050870147,135.0,56.0,79.0,79.0,0.0,79.0,0.0,0.03241932400032965,0.032396563999981254
M6A2__swiss_roll_with_hole__f_mapper__sigma_0.01__rep24__9be77d1c40aa2351,swiss_roll_with_hole,f_mapper,sigma_0.01,0.01,24,1549901081.0,42,success,True,True,0.4491533480029464,1.3651362895547328,0.9544846050870147,125.0,46.0,79.0,79.0,0.0,79.0,0.0,5.124755386999823,5.124242400000014
M6A2__swiss_roll_with_hole__conventional__sigma_0.01__rep25__99f2d68bec404874,swiss_roll_with_hole,conventional,sigma_0.01,0.01,25,54646633.0,42,success,True,True,0.6182658482150103,1.4157220332099447,0.9553770638107988,145.0,63.0,82.0,82.0,0.0,82.0,0.0,0.032171696999284904,0.032169989000010446
M6A2__swiss_roll_with_hole__f_mapper__sigma_0.01__rep25__1db8716314afcd12,swiss_roll_with_hole,f_mapper,sigma_0.01,0.01,25,54646633.0,42,success,True,True,0.32047904893302714,0.97731547725349,0.9553770638107988,127.0,45.0,82.0,82.0,0.0,82.0,0.0,5.30879671799994,5.30803644400001
M6A2__swiss_roll_with_hole__conventional__sigma_0.01__rep26__47249aaa8b99f9b5,swiss_roll_with_hole,conventional,sigma_0.01,0.01,26,1162695728.0,42,success,True,True,0.3879106662313969,1.3441512371996698,0.9571619812583668,136.0,60.0,76.0,76.0,0.0,76.0,0.0,0.032613155999570154,0.03260316300000454
M6A2__swiss_roll_with_hole__f_mapper__sigma_0.01__rep26__a0e62d8888047c62,swiss_roll_with_hole,f_mapper,sigma_0.01,0.01,26,1162695728.0,42,success,True,True,0.44342829039671194,1.118398729445643,0.9571619812583668,121.0,45.0,76.0,76.0,0.0,76.0,0.0,5.145079015000192,5.14426856
M6A2__swiss_roll_with_hole__conventional__sigma_0.01__rep27__ee435a1ba80e8a65,swiss_roll_with_hole,conventional,sigma_0.01,0.01,27,1400507401.0,42,success,True,True,0.6172310994736563,1.7634330970220011,0.9549308344489067,144.0,62.0,82.0,82.0,0.0,82.0,0.0,0.029148892000193882,0.029152453000023115
M6A2__swiss_roll_with_hole__f_mapper__sigma_0.01__rep27__664beacfa3d4df14,swiss_roll_with_hole,f_mapper,sigma_0.01,0.01,27,1400507401.0,42,success,True,True,0.3257980429492058,0.9367651156085399,0.9549308344489067,129.0,47.0,82.0,82.0,0.0,82.0,0.0,5.190118083000016,5.188724585999978
M6A2__swiss_roll_with_hole__conventional__sigma_0.01__rep28__25d26c6e42e8ea7a,swiss_roll_with_hole,conventional,sigma_0.01,0.01,28,770966174.0,42,success,True,True,0.2557102261369195,1.1300491728541928,0.9535921463632308,143.0,61.0,82.0,82.0,0.0,82.0,0.0,0.03072599499955686,0.03072460499998897
M6A2__swiss_roll_with_hole__f_mapper__sigma_0.01__rep28__09760577ba3d20ac,swiss_roll_with_hole,f_mapper,sigma_0.01,0.01,28,770966174.0,42,success,True,True,0.6416889284852378,1.5952304632981833,0.9535921463632308,132.0,50.0,82.0,82.0,0.0,82.0,0.0,5.257698306000748,5.256976036999987
M6A2__swiss_roll_with_hole__conventional__sigma_0.01__rep29__924d9e5a7649d243,swiss_roll_with_hole,conventional,sigma_0.01,0.01,29,1957779489.0,42,success,True,True,0.3892192710980389,1.652325145213422,0.9562695225345827,142.0,61.0,81.0,81.0,0.0,81.0,0.0,0.032358746000682004,0.03235497700001133
M6A2__swiss_roll_with_hole__f_mapper__sigma_0.01__rep29__ea81b8de877062de,swiss_roll_with_hole,f_mapper,sigma_0.01,0.01,29,1957779489.0,42,success,True,True,0.4473108650390287,1.2651195002482458,0.9562695225345827,124.0,43.0,81.0,81.0,0.0,81.0,0.0,5.208050019999973,5.207246506999979
M6A2__swiss_roll_with_hole__conventional__sigma_0.01__rep30__4f719dd5a28ea5f2,swiss_roll_with_hole,conventional,sigma_0.01,0.01,30,481842291.0,42,success,True,True,0.2019856036410772,0.6050430588153359,0.9544846050870147,140.0,60.0,80.0,80.0,0.0,80.0,0.0,0.04213631800030271,0.04207275499999241
M6A2__swiss_roll_with_hole__f_mapper__sigma_0.01__rep30__f0865c6325c5898f,swiss_roll_with_hole,f_mapper,sigma_0.01,0.01,30,481842291.0,42,success,True,True,0.3928667225611555,0.7409318834674927,0.9544846050870147,125.0,45.0,80.0,80.0,0.0,80.0,0.0,5.748876313999972,5.745377205000011
M6A2__swiss_roll_with_hole__conventional__sigma_0.03__rep1__aee0851470d1801a,swiss_roll_with_hole,conventional,sigma_0.03,0.03,1,1140744981.0,42,success,True,True,0.6066762702368145,2.3791776827200968,0.9518072289156626,142.0,61.0,81.0,81.0,0.0,81.0,0.0,0.037016877000496606,0.03692716399999085
M6A2__swiss_roll_with_hole__f_mapper__sigma_0.03__rep1__3c16f78bd46917df,swiss_roll_with_hole,f_mapper,sigma_0.03,0.03,1,1140744981.0,42,success,True,True,0.32456117936484663,1.461159363692369,0.9518072289156626,128.0,47.0,81.0,81.0,0.0,81.0,0.0,5.175582890999976,5.174599293999989
M6A2__swiss_roll_with_hole__conventional__sigma_0.03__rep2__c6976a19e1139fcd,swiss_roll_with_hole,conventional,sigma_0.03,0.03,2,974386918.0,42,success,True,True,0.2960523384656568,2.4133015411812027,0.9526996876394467,136.0,54.0,82.0,82.0,0.0,82.0,0.0,0.029847083000277053,0.02984064499997885
M6A2__swiss_roll_with_hole__f_mapper__sigma_0.03__rep2__a881437d060f49b2,swiss_roll_with_hole,f_mapper,sigma_0.03,0.03,2,974386918.0,42,success,True,True,0.5946989374987677,3.165815283119858,0.9526996876394467,126.0,44.0,82.0,82.0,0.0,82.0,0.0,5.246395303999634,5.245496343000013
M6A2__swiss_roll_with_hole__conventional__sigma_0.03__rep3__7f8c3cbab7ecab3d,swiss_roll_with_hole,conventional,sigma_0.03,0.03,3,312135440.0,42,success,True,True,0.40035805387188894,3.008774467780672,0.9518072289156626,138.0,57.0,81.0,81.0,0.0,81.0,0.0,0.02972085999954288,0.029719396999979608
M6A2__swiss_roll_with_hole__f_mapper__sigma_0.03__rep3__af2a0c54e7da2b29,swiss_roll_with_hole,f_mapper,sigma_0.03,0.03,3,312135440.0,42,success,True,True,0.6060900060350924,3.076138495950288,0.9518072289156626,125.0,44.0,81.0,81.0,0.0,81.0,0.0,5.2338132620006945,5.233278364
M6A2__swiss_roll_with_hole__conventional__sigma_0.03__rep4__9917499861cd0299,swiss_roll_with_hole,conventional,sigma_0.03,0.03,4,758771508.0,42,success,True,True,0.40086742789288365,2.249497638943093,0.9513609995537706,135.0,59.0,76.0,76.0,0.0,76.0,0.0,0.029821623999851,0.029818513999998686
M6A2__swiss_roll_with_hole__f_mapper__sigma_0.03__rep4__e82ab45d0a116341,swiss_roll_with_hole,f_mapper,sigma_0.03,0.03,4,758771508.0,42,success,True,True,0.5808598035806192,3.813805858938634,0.9513609995537706,123.0,47.0,76.0,76.0,0.0,76.0,0.0,5.085680786000012,5.085132700999992
M6A2__swiss_roll_with_hole__conventional__sigma_0.03__rep5__a9740a6398387801,swiss_roll_with_hole,conventional,sigma_0.03,0.03,5,2033973792.0,42,success,True,True,0.39692685084038004,2.2922157219842347,0.9549308344489067,146.0,62.0,84.0,84.0,0.0,84.0,0.0,0.09782342200014682,0.09779241499998648
M6A2__swiss_roll_with_hole__f_mapper__sigma_0.03__rep5__c9a723d370c35889,swiss_roll_with_hole,f_mapper,sigma_0.03,0.03,5,2033973792.0,42,success,True,True,0.32054106143789607,2.5311899520247723,0.9549308344489067,136.0,52.0,84.0,84.0,0.0,84.0,0.0,5.175768924000295,5.174061905000002
M6A2__swiss_roll_with_hole__conventional__sigma_0.03__rep6__9c2387402611994a,swiss_roll_with_hole,conventional,sigma_0.03,0.03,6,1774833832.0,42,success,True,True,0.6275993292788287,3.1850350571351704,0.9500223114680946,140.0,60.0,80.0,80.0,0.0,80.0,0.0,0.030299592999654124,0.030297963999998956
M6A2__swiss_roll_with_hole__f_mapper__sigma_0.03__rep6__a79f995bacc71e31,swiss_roll_with_hole,f_mapper,sigma_0.03,0.03,6,1774833832.0,42,success,True,True,0.4195801531848957,2.652867654167724,0.9500223114680946,123.0,43.0,80.0,80.0,0.0,80.0,0.0,5.020131501999458,5.019049721999977
M6A2__swiss_roll_with_hole__conventional__sigma_0.03__rep7__d523fc37e5ebcb45,swiss_roll_with_hole,conventional,sigma_0.03,0.03,7,298315171.0,42,success,True,True,0.2960523384656568,1.406180787377119,0.9549308344489067,148.0,62.0,86.0,86.0,0.0,86.0,0.0,0.030265486999269342,0.030263269000016635
M6A2__swiss_roll_with_hole__f_mapper__sigma_0.03__rep7__4681076ef1e139d2,swiss_roll_with_hole,f_mapper,sigma_0.03,0.03,7,298315171.0,42,success,True,True,0.3178057220113768,2.071823686319936,0.9549308344489067,135.0,49.0,86.0,86.0,0.0,86.0,0.0,5.16290678400037,5.162176707000015
M6A2__swiss_roll_with_hole__conventional__sigma_0.03__rep8__6a7bd2eef0b3683e,swiss_roll_with_hole,conventional,sigma_0.03,0.03,8,542241487.0,42,success,True,True,0.9524796446419348,3.521066356993681,0.9491298527443106,131.0,54.0,77.0,77.0,0.0,77.0,0.0,0.03083758799948555,0.030823472000008678
M6A2__swiss_roll_with_hole__f_mapper__sigma_0.03__rep8__cf18953e5e5fddf4,swiss_roll_with_hole,f_mapper,sigma_0.03,0.03,8,542241487.0,42,success,True,True,0.7419470590935182,3.784400415803317,0.9491298527443106,123.0,46.0,77.0,77.0,0.0,77.0,0.0,5.288632241000414,5.287313987999994
M6A2__swiss_roll_with_hole__conventional__sigma_0.03__rep9__b90ac7528ff4b024,swiss_roll_with_hole,conventional,sigma_0.03,0.03,9,2024851398.0,42,success,True,True,0.25043077054694507,1.943532938929076,0.9495760821062026,135.0,56.0,79.0,79.0,0.0,79.0,0.0,0.03102156200020545,0.031020189999992454
M6A2__swiss_roll_with_hole__f_mapper__sigma_0.03__rep9__1bd4d27f51266e31,swiss_roll_with_hole,f_mapper,sigma_0.03,0.03,9,2024851398.0,42,success,True,True,0.1934155109109792,1.4249920297374192,0.9495760821062026,124.0,45.0,79.0,79.0,0.0,79.0,0.0,6.099670006000451,6.099207129999996
M6A2__swiss_roll_with_hole__conventional__sigma_0.03__rep10__a04ee4c4830e13fa,swiss_roll_with_hole,conventional,sigma_0.03,0.03,10,558965120.0,42,success,True,True,0.2960523384656568,1.8848519229614076,0.9509147701918786,138.0,59.0,79.0,79.0,0.0,79.0,0.0,0.030260978000114847,0.030258489999994254
M6A2__swiss_roll_with_hole__f_mapper__sigma_0.03__rep10__cce605e5bccdaabd,swiss_roll_with_hole,f_mapper,sigma_0.03,0.03,10,558965120.0,42,success,True,True,0.6500544486016073,2.7062615530226486,0.9509147701918786,126.0,47.0,79.0,79.0,0.0,79.0,0.0,5.288355767999747,5.287992193999997
M6A2__swiss_roll_with_hole__conventional__sigma_0.03__rep11__5bb672aada4cc04e,swiss_roll_with_hole,conventional,sigma_0.03,0.03,11,1059543206.0,42,success,True,True,0.2960523384656568,2.2637187811549797,0.9531459170013387,139.0,58.0,81.0,81.0,0.0,81.0,0.0,0.034010461999969266,0.03400931299998433
M6A2__swiss_roll_with_hole__f_mapper__sigma_0.03__rep11__f1d65f0120844984,swiss_roll_with_hole,f_mapper,sigma_0.03,0.03,11,1059543206.0,42,success,True,True,0.6630301730979635,2.4040881489743695,0.9531459170013387,123.0,42.0,81.0,81.0,0.0,81.0,0.0,5.073009620999983,5.0719433540000125
M6A2__swiss_roll_with_hole__conventional__sigma_0.03__rep12__ef04160fdd6a2c0a,swiss_roll_with_hole,conventional,sigma_0.03,0.03,12,1089935697.0,42,success,True,True,0.2960523384656568,1.9658129425793112,0.9553770638107988,148.0,60.0,88.0,88.0,0.0,88.0,0.0,0.03048038999986602,0.030478041999998595
M6A2__swiss_roll_with_hole__f_mapper__sigma_0.03__rep12__03d24de70423dcef,swiss_roll_with_hole,f_mapper,sigma_0.03,0.03,12,1089935697.0,42,success,True,True,0.4033216879600303,2.2229159756696597,0.9553770638107988,137.0,49.0,88.0,88.0,0.0,88.0,0.0,4.96650747700005,4.965719309000008
M6A2__swiss_roll_with_hole__conventional__sigma_0.03__rep13__fde28e0386c032cc,swiss_roll_with_hole,conventional,sigma_0.03,0.03,13,1513898310.0,42,success,True,True,0.39692685084038004,2.7125690775156563,0.9553770638107988,135.0,58.0,77.0,77.0,0.0,77.0,0.0,0.02996769299988955,0.029952375000021902
M6A2__swiss_roll_with_hole__f_mapper__sigma_0.03__rep13__d3d77c47749d53f9,swiss_roll_with_hole,f_mapper,sigma_0.03,0.03,13,1513898310.0,42,success,True,True,0.5946489309121148,2.1254225865880354,0.9553770638107988,118.0,41.0,77.0,77.0,0.0,77.0,0.0,4.9818467100003545,4.981395335000002
M6A2__swiss_roll_with_hole__conventional__sigma_0.03__rep14__44c7f086f8560d5f,swiss_roll_with_hole,conventional,sigma_0.03,0.03,14,1028743533.0,42,success,True,True,0.2960523384656568,2.804950425847657,0.9562695225345827,137.0,58.0,79.0,79.0,0.0,79.0,0.0,0.029961720999381214,0.029960560000006353
M6A2__swiss_roll_with_hole__f_mapper__sigma_0.03__rep14__4059aa44d379ec8b,swiss_roll_with_hole,f_mapper,sigma_0.03,0.03,14,1028743533.0,42,success,True,True,0.6356947293955839,2.824406255329279,0.9562695225345827,124.0,45.0,79.0,79.0,0.0,79.0,0.0,5.482023047999974,5.480915108999994
M6A2__swiss_roll_with_hole__conventional__sigma_0.03__rep15__8682512d9c07aa4e,swiss_roll_with_hole,conventional,sigma_0.03,0.03,15,1180547285.0,42,success,True,True,0.38445732717737613,2.846950322254438,0.9558232931726908,147.0,62.0,85.0,85.0,0.0,85.0,0.0,0.0549669880001602,0.05496266900001956
M6A2__swiss_roll_with_hole__f_mapper__sigma_0.03__rep15__e0f9a01293a81599,swiss_roll_with_hole,f_mapper,sigma_0.03,0.03,15,1180547285.0,42,success,True,True,0.5701328670460803,3.573481226230098,0.9558232931726908,135.0,50.0,85.0,85.0,0.0,85.0,0.0,5.518907394000053,5.518549976999992
M6A2__swiss_roll_with_hole__conventional__sigma_0.03__rep16__b35b27a3e8621195,swiss_roll_with_hole,conventional,sigma_0.03,0.03,16,839742760.0,42,success,True,True,0.39692685084038004,2.8854850110746213,0.9558232931726908,137.0,55.0,82.0,82.0,0.0,82.0,0.0,0.030069759000070917,0.030068061999998008
M6A2__swiss_roll_with_hole__f_mapper__sigma_0.03__rep16__ee65123645288a99,swiss_roll_with_hole,f_mapper,sigma_0.03,0.03,16,839742760.0,42,success,True,True,0.34618962292903,1.850986084065669,0.9558232931726908,131.0,49.0,82.0,82.0,0.0,82.0,0.0,5.277797677000308,5.277159304999998
M6A2__swiss_roll_with_hole__conventional__sigma_0.03__rep17__3bcb7fc6aceec94d,swiss_roll_with_hole,conventional,sigma_0.03,0.03,17,1597850693.0,42,success,True,True,0.2960523384656568,2.3310213688255863,0.9567157518964748,137.0,61.0,76.0,76.0,0.0,76.0,0.0,0.030460920999757946,0.03045996800000239
M6A2__swiss_roll_with_hole__f_mapper__sigma_0.03__rep17__9de53fa2d6c32564,swiss_roll_with_hole,f_mapper,sigma_0.03,0.03,17,1597850693.0,42,success,True,True,0.6389664997939777,3.409525006407023,0.9567157518964748,118.0,42.0,76.0,76.0,0.0,76.0,0.0,5.074762393999663,5.073160445999974
M6A2__swiss_roll_with_hole__conventional__sigma_0.03__rep18__fb74c17bf25caf61,swiss_roll_with_hole,conventional,sigma_0.03,0.03,18,545226111.0,42,success,True,True,0.6228043137337314,2.289295844521009,0.9535921463632308,140.0,59.0,81.0,81.0,0.0,81.0,0.0,0.029876696999963315,0.02987490999998954
M6A2__swiss_roll_with_hole__f_mapper__sigma_0.03__rep18__840e5ccddac903c3,swiss_roll_with_hole,f_mapper,sigma_0.03,0.03,18,545226111.0,42,success,True,True,0.5314913561042651,2.669096680691606,0.9535921463632308,130.0,49.0,81.0,81.0,0.0,81.0,0.0,5.143711251000241,5.143096797999988
M6A2__swiss_roll_with_hole__conventional__sigma_0.03__rep19__ae96e05ee5c458f1,swiss_roll_with_hole,conventional,sigma_0.03,0.03,19,1675044636.0,42,success,True,True,0.2960523384656568,2.042390976885292,0.9504685408299867,138.0,59.0,79.0,79.0,0.0,79.0,0.0,0.039284996999413124,0.03926444100000026
M6A2__swiss_roll_with_hole__f_mapper__sigma_0.03__rep19__79bc773ae939d951,swiss_roll_with_hole,f_mapper,sigma_0.03,0.03,19,1675044636.0,42,success,True,True,0.4262182564906283,2.9207286622084982,0.9504685408299867,126.0,47.0,79.0,79.0,0.0,79.0,0.0,5.115734830999827,5.115153999000029
M6A2__swiss_roll_with_hole__conventional__sigma_0.03__rep20__356aafa79b1cbe69,swiss_roll_with_hole,conventional,sigma_0.03,0.03,20,835063858.0,42,success,True,True,0.28929149107781527,2.37364400973117,0.9544846050870147,145.0,58.0,87.0,87.0,0.0,87.0,0.0,0.030870419000166294,0.03087465600003725
M6A2__swiss_roll_with_hole__f_mapper__sigma_0.03__rep20__eb3d4018a590baee,swiss_roll_with_hole,f_mapper,sigma_0.03,0.03,20,835063858.0,42,success,True,True,0.6818389384622043,3.4204448986471374,0.9544846050870147,137.0,50.0,87.0,87.0,0.0,87.0,0.0,4.981566851000025,4.98107737600003
M6A2__swiss_roll_with_hole__conventional__sigma_0.03__rep21__205b2720fd34489a,swiss_roll_with_hole,conventional,sigma_0.03,0.03,21,1397262108.0,42,success,True,True,0.39692685084038004,4.279094887151728,0.9549308344489067,145.0,62.0,83.0,83.0,0.0,83.0,0.0,0.04668247799963865,0.04668061700004955
M6A2__swiss_roll_with_hole__f_mapper__sigma_0.03__rep21__4e2f454bced2ba77,swiss_roll_with_hole,f_mapper,sigma_0.03,0.03,21,1397262108.0,42,success,True,True,0.680513566163687,3.346933006290397,0.9549308344489067,125.0,42.0,83.0,83.0,0.0,83.0,0.0,5.589048044000265,5.587990122999997
M6A2__swiss_roll_with_hole__conventional__sigma_0.03__rep22__fe4bfacf37dacbb8,swiss_roll_with_hole,conventional,sigma_0.03,0.03,22,530057408.0,42,success,True,True,0.7157948281522195,3.7789470066283206,0.9513609995537706,132.0,53.0,79.0,79.0,0.0,79.0,0.0,0.030093184000179463,0.030091666000032546
M6A2__swiss_roll_with_hole__f_mapper__sigma_0.03__rep22__692be4c5f73a5fed,swiss_roll_with_hole,f_mapper,sigma_0.03,0.03,22,530057408.0,42,success,True,True,0.47984029138179096,3.162916071936945,0.9513609995537706,123.0,44.0,79.0,79.0,0.0,79.0,0.0,4.993510662000517,4.9926815179999835
M6A2__swiss_roll_with_hole__conventional__sigma_0.03__rep23__168587e3ffc18984,swiss_roll_with_hole,conventional,sigma_0.03,0.03,23,876643930.0,42,success,True,True,0.26248914155870917,2.694244158990567,0.9562695225345827,138.0,60.0,78.0,78.0,0.0,78.0,0.0,0.031255308000254445,0.031254029999956856
M6A2__swiss_roll_with_hole__f_mapper__sigma_0.03__rep23__38d4f51951c0eff5,swiss_roll_with_hole,f_mapper,sigma_0.03,0.03,23,876643930.0,42,success,True,True,0.6336249569687302,3.2645237078270855,0.9562695225345827,121.0,43.0,78.0,78.0,0.0,78.0,0.0,5.144594850999965,5.144025748999979
M6A2__swiss_roll_with_hole__conventional__sigma_0.03__rep24__4c131686da31290e,swiss_roll_with_hole,conventional,sigma_0.03,0.03,24,1005606101.0,42,success,True,True,0.5897686254930612,3.092738502368835,0.9540383757251227,136.0,55.0,81.0,81.0,0.0,81.0,0.0,0.02954150099958497,0.029540290999989338
M6A2__swiss_roll_with_hole__f_mapper__sigma_0.03__rep24__afb0fa247b85df0e,swiss_roll_with_hole,f_mapper,sigma_0.03,0.03,24,1005606101.0,42,success,True,True,0.8813968930819875,2.7638392376490293,0.9540383757251227,124.0,43.0,81.0,81.0,0.0,81.0,0.0,5.041349191000336,5.040806818999954
M6A2__swiss_roll_with_hole__conventional__sigma_0.03__rep25__dce22639979e79a7,swiss_roll_with_hole,conventional,sigma_0.03,0.03,25,793851595.0,42,success,True,True,0.21075056694737881,2.08382476658607,0.9558232931726908,130.0,53.0,77.0,77.0,0.0,77.0,0.0,0.029640432000633155,0.029634848999990027
M6A2__swiss_roll_with_hole__f_mapper__sigma_0.03__rep25__e83ea99c54ce703a,swiss_roll_with_hole,f_mapper,sigma_0.03,0.03,25,793851595.0,42,success,True,True,0.4427982754660498,1.8880948794992443,0.9558232931726908,120.0,43.0,77.0,77.0,0.0,77.0,0.0,5.110563516999719,5.1098963100000105
M6A2__swiss_roll_with_hole__conventional__sigma_0.03__rep26__259a69b17eadc6c2,swiss_roll_with_hole,conventional,sigma_0.03,0.03,26,1550280195.0,42,success,True,True,1.087035473429653,4.290701871254,0.9531459170013387,148.0,66.0,82.0,82.0,0.0,82.0,0.0,0.03384311699937825,0.033838312000000315
M6A2__swiss_roll_with_hole__f_mapper__sigma_0.03__rep26__a0a8d3b1842d4142,swiss_roll_with_hole,f_mapper,sigma_0.03,0.03,26,1550280195.0,42,success,True,True,0.90262918296522,3.8773652023806644,0.9531459170013387,128.0,46.0,82.0,82.0,0.0,82.0,0.0,5.163807963000181,5.163397508000003
M6A2__swiss_roll_with_hole__conventional__sigma_0.03__rep27__681de457ee52c5c2,swiss_roll_with_hole,conventional,sigma_0.03,0.03,27,785821511.0,42,success,True,True,0.2960523384656568,2.053942754380737,0.9558232931726908,143.0,58.0,85.0,85.0,0.0,85.0,0.0,0.030755495999983395,0.03075256800002535
M6A2__swiss_roll_with_hole__f_mapper__sigma_0.03__rep27__e5e77cd41078163e,swiss_roll_with_hole,f_mapper,sigma_0.03,0.03,27,785821511.0,42,success,True,True,0.6004166043731125,2.813839674687755,0.9558232931726908,130.0,45.0,85.0,85.0,0.0,85.0,0.0,5.037183870999797,5.036682543999973
M6A2__swiss_roll_with_hole__conventional__sigma_0.03__rep28__7a61e7ceda6f9ba5,swiss_roll_with_hole,conventional,sigma_0.03,0.03,28,1419302930.0,42,success,True,True,0.3745892948637586,2.915477830391628,0.9531459170013387,135.0,56.0,79.0,79.0,0.0,79.0,0.0,0.030615166000643512,0.030613745999971798
M6A2__swiss_roll_with_hole__f_mapper__sigma_0.03__rep28__dc5416b461a10a16,swiss_roll_with_hole,f_mapper,sigma_0.03,0.03,28,1419302930.0,42,success,True,True,0.6348622322654105,3.802836272868161,0.9531459170013387,131.0,52.0,79.0,79.0,0.0,79.0,0.0,5.218883102000291,5.21800714699998
M6A2__swiss_roll_with_hole__conventional__sigma_0.03__rep29__0ae02cc1ba96d556,swiss_roll_with_hole,conventional,sigma_0.03,0.03,29,1907008646.0,42,success,True,True,0.6258219694568483,3.815599238692094,0.9531459170013387,132.0,58.0,74.0,74.0,0.0,74.0,0.0,0.03552507099993818,0.035457211999982974
M6A2__swiss_roll_with_hole__f_mapper__sigma_0.03__rep29__120e59e005a759e3,swiss_roll_with_hole,f_mapper,sigma_0.03,0.03,29,1907008646.0,42,success,True,True,0.3382199991096533,2.933439591814405,0.9531459170013387,119.0,45.0,74.0,74.0,0.0,74.0,0.0,4.989630589000626,4.988652276000039
M6A2__swiss_roll_with_hole__conventional__sigma_0.03__rep30__c63de71d8f205564,swiss_roll_with_hole,conventional,sigma_0.03,0.03,30,90455887.0,42,success,True,True,0.5904459924227545,3.7363992439762193,0.9522534582775547,138.0,60.0,78.0,78.0,0.0,78.0,0.0,0.03207085600024584,0.03206774699998505
M6A2__swiss_roll_with_hole__f_mapper__sigma_0.03__rep30__57599a2269ba9454,swiss_roll_with_hole,f_mapper,sigma_0.03,0.03,30,90455887.0,42,success,True,True,0.957983215494222,4.26910470869319,0.9522534582775547,123.0,45.0,78.0,78.0,0.0,78.0,0.0,5.306054415999824,5.305262513999992
M6A2__swiss_roll_with_hole__conventional__sigma_0.05__rep1__fbb9da425f396cee,swiss_roll_with_hole,conventional,sigma_0.05,0.05,1,422427417.0,42,success,True,True,0.9836814636247482,4.251094462876562,0.9531459170013387,140.0,60.0,80.0,80.0,0.0,80.0,0.0,0.03742084799978329,0.03741483800001788
M6A2__swiss_roll_with_hole__f_mapper__sigma_0.05__rep1__6bfff4dce9a4cd8e,swiss_roll_with_hole,f_mapper,sigma_0.05,0.05,1,422427417.0,42,success,True,True,0.5149100164052776,4.4603923442648945,0.9531459170013387,127.0,47.0,80.0,80.0,0.0,80.0,0.0,5.46015036999961,5.459754300999975
M6A2__swiss_roll_with_hole__conventional__sigma_0.05__rep2__c9600b5f572e38ee,swiss_roll_with_hole,conventional,sigma_0.05,0.05,2,1197903840.0,42,success,True,True,0.9643474053040766,6.357970156202207,0.9549308344489067,144.0,64.0,80.0,80.0,0.0,80.0,0.0,0.03013562300020567,0.030142772000033347
M6A2__swiss_roll_with_hole__f_mapper__sigma_0.05__rep2__83e8d6bc40ea3fa6,swiss_roll_with_hole,f_mapper,sigma_0.05,0.05,2,1197903840.0,42,success,True,True,0.5138385480925898,5.885685665742043,0.9549308344489067,137.0,57.0,80.0,80.0,0.0,80.0,0.0,5.4111103619998175,5.410315775000015
M6A2__swiss_roll_with_hole__conventional__sigma_0.05__rep3__05780819efb8507a,swiss_roll_with_hole,conventional,sigma_0.05,0.05,3,349249697.0,42,success,True,True,0.4100340966076317,4.028625440704985,0.9509147701918786,144.0,60.0,84.0,84.0,0.0,84.0,0.0,0.03085991600073612,0.0308584459999679
M6A2__swiss_roll_with_hole__f_mapper__sigma_0.05__rep3__fca4fb7de3438b7c,swiss_roll_with_hole,f_mapper,sigma_0.05,0.05,3,349249697.0,42,success,True,True,0.5347971558641156,3.6109799489844145,0.9509147701918786,133.0,49.0,84.0,84.0,0.0,84.0,0.0,5.116914078999798,5.116086435999989
M6A2__swiss_roll_with_hole__conventional__sigma_0.05__rep4__8b35dd305ba514b4,swiss_roll_with_hole,conventional,sigma_0.05,0.05,4,803254507.0,42,success,True,True,0.7429121224389839,4.713267666424068,0.9491298527443106,135.0,59.0,76.0,76.0,0.0,76.0,0.0,0.029560616999333433,0.029555740000034803
M6A2__swiss_roll_with_hole__f_mapper__sigma_0.05__rep4__0e54f85fe0ee139a,swiss_roll_with_hole,f_mapper,sigma_0.05,0.05,4,803254507.0,42,success,True,True,0.8066552641743558,4.052447100105134,0.9491298527443106,123.0,47.0,76.0,76.0,0.0,76.0,0.0,5.386260725000284,5.384942727999999
M6A2__swiss_roll_with_hole__conventional__sigma_0.05__rep5__b70b3a823f38accd,swiss_roll_with_hole,conventional,sigma_0.05,0.05,5,427393572.0,42,success,True,True,0.9628068570310617,5.899851940973495,0.9549308344489067,148.0,66.0,82.0,82.0,0.0,82.0,0.0,0.03681199600032414,0.036810363000029156
M6A2__swiss_roll_with_hole__f_mapper__sigma_0.05__rep5__5e7d1b864e72c682,swiss_roll_with_hole,f_mapper,sigma_0.05,0.05,5,427393572.0,42,success,True,True,0.7366779265481473,4.654160785231513,0.9549308344489067,129.0,47.0,82.0,82.0,0.0,82.0,0.0,5.407189890000154,5.4057775310000125
M6A2__swiss_roll_with_hole__conventional__sigma_0.05__rep6__c4955e24a1b376ad,swiss_roll_with_hole,conventional,sigma_0.05,0.05,6,855605317.0,42,success,True,True,0.6041582459414969,4.033026549282248,0.9491298527443106,146.0,62.0,84.0,84.0,0.0,84.0,0.0,0.0322730549996777,0.03226943599997867
M6A2__swiss_roll_with_hole__f_mapper__sigma_0.05__rep6__d18f78e9f37f9b6e,swiss_roll_with_hole,f_mapper,sigma_0.05,0.05,6,855605317.0,42,success,True,True,0.651094674191544,3.9602531634853317,0.9491298527443106,129.0,45.0,84.0,84.0,0.0,84.0,0.0,5.328923089999989,5.328547869999966
M6A2__swiss_roll_with_hole__conventional__sigma_0.05__rep7__b7bd5fc82f638562,swiss_roll_with_hole,conventional,sigma_0.05,0.05,7,1414254543.0,42,success,True,True,0.39692685084038004,3.273387181844913,0.9549308344489067,143.0,59.0,84.0,84.0,0.0,84.0,0.0,0.03131523200045194,0.03130637700002126
M6A2__swiss_roll_with_hole__f_mapper__sigma_0.05__rep7__ba29b6e03b386b14,swiss_roll_with_hole,f_mapper,sigma_0.05,0.05,7,1414254543.0,42,success,True,True,0.5920377949214313,2.8804009914550748,0.9549308344489067,126.0,42.0,84.0,84.0,0.0,84.0,0.0,4.7893830640005035,4.788558869999974
M6A2__swiss_roll_with_hole__conventional__sigma_0.05__rep8__77db14f852a57e2d,swiss_roll_with_hole,conventional,sigma_0.05,0.05,8,2006428375.0,42,success,True,True,0.39692685084038004,4.1236654099610135,0.9513609995537706,142.0,59.0,83.0,83.0,0.0,83.0,0.0,0.03076891999990039,0.03076744600002712
M6A2__swiss_roll_with_hole__f_mapper__sigma_0.05__rep8__4b025d79b9d021ed,swiss_roll_with_hole,f_mapper,sigma_0.05,0.05,8,2006428375.0,42,success,True,True,0.5122317375009917,4.823701194265352,0.9513609995537706,129.0,46.0,83.0,83.0,0.0,83.0,0.0,4.860955787999956,4.8600937240000235
M6A2__swiss_roll_with_hole__conventional__sigma_0.05__rep9__307e172a12aa83fe,swiss_roll_with_hole,conventional,sigma_0.05,0.05,9,1064435465.0,42,success,True,True,0.39692685084038004,3.57993662501951,0.9500223114680946,151.0,63.0,88.0,88.0,0.0,88.0,0.0,0.033064665999518184,0.0330669130000274
M6A2__swiss_roll_with_hole__f_mapper__sigma_0.05__rep9__5274af1bd34f19b9,swiss_roll_with_hole,f_mapper,sigma_0.05,0.05,9,1064435465.0,42,success,True,True,0.296831583791489,2.9925936356182925,0.9500223114680946,137.0,49.0,88.0,88.0,0.0,88.0,0.0,5.143588048999845,5.142632738999964
M6A2__swiss_roll_with_hole__conventional__sigma_0.05__rep10__bf0f8827d1077303,swiss_roll_with_hole,conventional,sigma_0.05,0.05,10,576197390.0,42,success,True,True,0.863348449306887,5.327859613571995,0.9468987059348505,146.0,60.0,86.0,86.0,0.0,86.0,0.0,0.03465841199977149,0.03465655900004094
M6A2__swiss_roll_with_hole__f_mapper__sigma_0.05__rep10__729cdca28c707a06,swiss_roll_with_hole,f_mapper,sigma_0.05,0.05,10,576197390.0,42,success,True,True,0.962355712428181,4.81717631312513,0.9468987059348505,134.0,48.0,86.0,86.0,0.0,86.0,0.0,5.609812001999671,5.609318463000022
M6A2__swiss_roll_with_hole__conventional__sigma_0.05__rep11__fab8e50909716b23,swiss_roll_with_hole,conventional,sigma_0.05,0.05,11,1415190193.0,42,success,True,True,0.29355125218988043,3.4204566167013217,0.9509147701918786,136.0,57.0,79.0,79.0,0.0,79.0,0.0,0.033210888000212435,0.03321060299998635
M6A2__swiss_roll_with_hole__f_mapper__sigma_0.05__rep11__d310080d94983097,swiss_roll_with_hole,f_mapper,sigma_0.05,0.05,11,1415190193.0,42,success,True,True,0.8510877381737196,4.686816697967474,0.9509147701918786,123.0,45.0,79.0,79.0,1.0,79.0,1.0,5.690631457999189,5.690155993000019
M6A2__swiss_roll_with_hole__conventional__sigma_0.05__rep12__ade2b1d6e7643a47,swiss_roll_with_hole,conventional,sigma_0.05,0.05,12,1669022502.0,42,success,True,True,0.5718664070598791,3.811556928282719,0.9522534582775547,147.0,67.0,80.0,80.0,0.0,80.0,0.0,0.03115922100005264,0.031157788000029996
M6A2__swiss_roll_with_hole__f_mapper__sigma_0.05__rep12__4faf61e9e7714a4d,swiss_roll_with_hole,f_mapper,sigma_0.05,0.05,12,1669022502.0,42,success,True,True,0.6952100037552729,3.998612286569847,0.9522534582775547,134.0,54.0,80.0,80.0,0.0,80.0,0.0,5.180862189999971,5.180523017999974
M6A2__swiss_roll_with_hole__conventional__sigma_0.05__rep13__cddb7d3cf5906365,swiss_roll_with_hole,conventional,sigma_0.05,0.05,13,1122729275.0,42,success,True,True,0.38919987162192093,3.6237682727871623,0.9482373940205265,137.0,57.0,80.0,80.0,0.0,80.0,0.0,0.03394325699991896,0.03395054300000311
M6A2__swiss_roll_with_hole__f_mapper__sigma_0.05__rep13__76bf383634b5b9df,swiss_roll_with_hole,f_mapper,sigma_0.05,0.05,13,1122729275.0,42,success,True,True,0.5344271992515459,3.4275315329283416,0.9482373940205265,127.0,47.0,80.0,80.0,0.0,80.0,0.0,5.776620159999766,5.77587121800002
M6A2__swiss_roll_with_hole__conventional__sigma_0.05__rep14__f321eb4791e0de8d,swiss_roll_with_hole,conventional,sigma_0.05,0.05,14,701684605.0,42,success,True,True,0.4065933673830937,3.154630584396593,0.9486836233824185,145.0,61.0,84.0,84.0,0.0,84.0,0.0,0.02985792700019374,0.029856174000030933
M6A2__swiss_roll_with_hole__f_mapper__sigma_0.05__rep14__0bc9496a94dd04c7,swiss_roll_with_hole,f_mapper,sigma_0.05,0.05,14,701684605.0,42,success,True,True,0.4973245026639006,4.5525915260568155,0.9486836233824185,129.0,45.0,84.0,84.0,0.0,84.0,0.0,5.373213795999618,5.37078524399999
M6A2__swiss_roll_with_hole__conventional__sigma_0.05__rep15__5fb4cb78c1223fc4,swiss_roll_with_hole,conventional,sigma_0.05,0.05,15,721670783.0,42,success,True,True,0.2960523384656568,2.9620715358538305,0.9500223114680946,140.0,55.0,85.0,85.0,0.0,85.0,0.0,0.030939567999666906,0.03093809599999986
M6A2__swiss_roll_with_hole__f_mapper__sigma_0.05__rep15__9e2583b8d18ee299,swiss_roll_with_hole,f_mapper,sigma_0.05,0.05,15,721670783.0,42,success,True,True,0.433259455020945,3.0031811782332873,0.9500223114680946,132.0,47.0,85.0,85.0,0.0,85.0,0.0,5.799749159999919,5.799192722000043
M6A2__swiss_roll_with_hole__conventional__sigma_0.05__rep16__da6b5c862ec6e44e,swiss_roll_with_hole,conventional,sigma_0.05,0.05,16,1411525320.0,42,success,True,True,0.6121279120564211,4.6726584877901285,0.9531459170013387,140.0,64.0,76.0,76.0,0.0,76.0,0.0,0.03056635000029928,0.03055828300000485
M6A2__swiss_roll_with_hole__f_mapper__sigma_0.05__rep16__73225c960d49c6f1,swiss_roll_with_hole,f_mapper,sigma_0.05,0.05,16,1411525320.0,42,success,True,True,0.5722896788630276,4.235485422491237,0.9531459170013387,119.0,43.0,76.0,76.0,0.0,76.0,0.0,4.836073343999487,4.835437495000008
M6A2__swiss_roll_with_hole__conventional__sigma_0.05__rep17__29ea917bdffcf942,swiss_roll_with_hole,conventional,sigma_0.05,0.05,17,315409796.0,42,success,True,True,0.5731590291275754,4.065897690923605,0.9518072289156626,153.0,60.0,93.0,93.0,0.0,93.0,0.0,0.04199030600011611,0.04198769500004573
M6A2__swiss_roll_with_hole__f_mapper__sigma_0.05__rep17__0e1b4825efb499b3,swiss_roll_with_hole,f_mapper,sigma_0.05,0.05,17,315409796.0,42,success,True,True,0.8792572572534265,4.2211199477823325,0.9518072289156626,138.0,45.0,93.0,93.0,0.0,93.0,0.0,5.284824544000003,5.284251487999995
M6A2__swiss_roll_with_hole__conventional__sigma_0.05__rep18__46a7d5c4af0707a4,swiss_roll_with_hole,conventional,sigma_0.05,0.05,18,1195468474.0,42,success,True,True,0.6083902160069963,4.7057340476137615,0.9500223114680946,153.0,69.0,84.0,84.0,0.0,84.0,0.0,0.03357688099913503,0.033574576000034995
M6A2__swiss_roll_with_hole__f_mapper__sigma_0.05__rep18__1fca655699e2598e,swiss_roll_with_hole,f_mapper,sigma_0.05,0.05,18,1195468474.0,42,success,True,True,0.6381855503564227,3.891096411342809,0.9500223114680946,137.0,53.0,84.0,84.0,0.0,84.0,0.0,5.210180040000523,5.209595409999963
M6A2__swiss_roll_with_hole__conventional__sigma_0.05__rep19__30a0d6cad872a9e3,swiss_roll_with_hole,conventional,sigma_0.05,0.05,19,1077898583.0,42,success,True,True,0.9243512928964641,4.118157761214787,0.9460062472110665,138.0,55.0,83.0,83.0,0.0,83.0,0.0,0.029966355999931693,0.029969207000021925
M6A2__swiss_roll_with_hole__f_mapper__sigma_0.05__rep19__b677a563b93dd910,swiss_roll_with_hole,f_mapper,sigma_0.05,0.05,19,1077898583.0,42,success,True,True,0.4437995706639093,3.721139748579796,0.9460062472110665,127.0,44.0,83.0,83.0,0.0,83.0,0.0,4.810557750000044,4.810159156999987
M6A2__swiss_roll_with_hole__conventional__sigma_0.05__rep20__940658b96c9fc7b3,swiss_roll_with_hole,conventional,sigma_0.05,0.05,20,981045307.0,42,success,True,True,0.2960523384656568,2.950161815016002,0.9477911646586346,130.0,54.0,76.0,76.0,0.0,76.0,0.0,0.030103999999482767,0.030105573000014374
M6A2__swiss_roll_with_hole__f_mapper__sigma_0.05__rep20__b3ae5954e119fa9e,swiss_roll_with_hole,f_mapper,sigma_0.05,0.05,20,981045307.0,42,success,True,True,0.2036707800525992,2.070549709176734,0.9477911646586346,121.0,45.0,76.0,76.0,0.0,76.0,0.0,4.959816454999782,4.959424737999996
M6A2__swiss_roll_with_hole__conventional__sigma_0.05__rep21__f140c9b0874765f6,swiss_roll_with_hole,conventional,sigma_0.05,0.05,21,155390605.0,42,success,True,True,0.2960523384656568,2.358262516113311,0.9486836233824185,131.0,56.0,75.0,75.0,0.0,75.0,0.0,0.0352910179999526,0.0352834949999874
M6A2__swiss_roll_with_hole__f_mapper__sigma_0.05__rep21__ab6ab3744a72ad32,swiss_roll_with_hole,f_mapper,sigma_0.05,0.05,21,155390605.0,42,success,True,True,0.6050068868119745,3.538132199018006,0.9486836233824185,122.0,47.0,75.0,75.0,0.0,75.0,0.0,5.920270497999809,5.919348361000004
M6A2__swiss_roll_with_hole__conventional__sigma_0.05__rep22__0289c0e5c94437aa,swiss_roll_with_hole,conventional,sigma_0.05,0.05,22,2091148504.0,42,success,True,True,0.2960523384656568,3.9282038050475596,0.9509147701918786,137.0,57.0,80.0,80.0,0.0,80.0,0.0,0.030516623000039544,0.0305153120000341
M6A2__swiss_roll_with_hole__f_mapper__sigma_0.05__rep22__18072bb7a4606e98,swiss_roll_with_hole,f_mapper,sigma_0.05,0.05,22,2091148504.0,42,success,True,True,0.6719582253377875,3.747065976712168,0.9509147701918786,122.0,42.0,80.0,80.0,0.0,80.0,0.0,5.269629605999398,5.268037788000015
M6A2__swiss_roll_with_hole__conventional__sigma_0.05__rep23__35264a3be3f28396,swiss_roll_with_hole,conventional,sigma_0.05,0.05,23,1904206865.0,42,success,True,True,0.2960523384656568,3.0255552105840198,0.9500223114680946,153.0,65.0,88.0,88.0,0.0,88.0,0.0,0.030179916000633966,0.030178759999955673
M6A2__swiss_roll_with_hole__f_mapper__sigma_0.05__rep23__8ca05981553aaf96,swiss_roll_with_hole,f_mapper,sigma_0.05,0.05,23,1904206865.0,42,success,True,True,0.3034788731876845,2.718333055556544,0.9500223114680946,132.0,44.0,88.0,88.0,0.0,88.0,0.0,5.958279132999451,5.957612315999995
M6A2__swiss_roll_with_hole__conventional__sigma_0.05__rep24__28d186c56af3bdc1,swiss_roll_with_hole,conventional,sigma_0.05,0.05,24,756989273.0,42,success,True,True,0.39692685084038004,3.95824045411645,0.9495760821062026,154.0,66.0,88.0,88.0,0.0,88.0,0.0,0.03732346700053313,0.03732085100000404
M6A2__swiss_roll_with_hole__f_mapper__sigma_0.05__rep24__79df89bdbeb32bcd,swiss_roll_with_hole,f_mapper,sigma_0.05,0.05,24,756989273.0,42,success,True,True,0.40925394650143687,3.344286901404832,0.9495760821062026,136.0,48.0,88.0,88.0,0.0,88.0,0.0,5.465770175000216,5.464906298000017
M6A2__swiss_roll_with_hole__conventional__sigma_0.05__rep25__50c8c6622d831a7a,swiss_roll_with_hole,conventional,sigma_0.05,0.05,25,1802752169.0,42,success,True,True,0.337344233207979,3.746581357877555,0.9513609995537706,147.0,60.0,87.0,87.0,0.0,87.0,0.0,0.03168456899948069,0.031682472999989386
M6A2__swiss_roll_with_hole__f_mapper__sigma_0.05__rep25__4c56a45aa551974f,swiss_roll_with_hole,f_mapper,sigma_0.05,0.05,25,1802752169.0,42,success,True,True,0.6454104904153914,3.483198515421748,0.9513609995537706,132.0,45.0,87.0,87.0,0.0,87.0,0.0,5.786696768999718,5.7861524549999785
M6A2__swiss_roll_with_hole__conventional__sigma_0.05__rep26__80ba81fd5a62a1b3,swiss_roll_with_hole,conventional,sigma_0.05,0.05,26,1123439311.0,42,success,True,True,0.9779021901780283,4.248566930979092,0.9509147701918786,136.0,60.0,76.0,76.0,0.0,76.0,0.0,0.02945745600027294,0.029452285000047596
M6A2__swiss_roll_with_hole__f_mapper__sigma_0.05__rep26__009e071fec7602d9,swiss_roll_with_hole,f_mapper,sigma_0.05,0.05,26,1123439311.0,42,success,True,True,0.4850030426861629,2.6623618843692185,0.9509147701918786,121.0,45.0,76.0,76.0,0.0,76.0,0.0,5.587529108999661,5.586449097000013
M6A2__swiss_roll_with_hole__conventional__sigma_0.05__rep27__59cf2f5684f91bd9,swiss_roll_with_hole,conventional,sigma_0.05,0.05,27,1752585125.0,42,success,True,True,0.8195917824076284,5.884297500805068,0.9482373940205265,129.0,58.0,72.0,72.0,1.0,72.0,1.0,0.03159749200040096,0.03159537999999884
M6A2__swiss_roll_with_hole__f_mapper__sigma_0.05__rep27__ff5f7e091c6523a0,swiss_roll_with_hole,f_mapper,sigma_0.05,0.05,27,1752585125.0,42,success,True,True,0.5088928703366662,2.765060093001747,0.9482373940205265,116.0,44.0,72.0,72.0,0.0,72.0,0.0,5.401225218000036,5.4003879890000235
M6A2__swiss_roll_with_hole__conventional__sigma_0.05__rep28__46325681f13087ea,swiss_roll_with_hole,conventional,sigma_0.05,0.05,28,62916058.0,42,success,True,True,0.415330228051884,3.5363188711547484,0.9513609995537706,149.0,62.0,87.0,87.0,0.0,87.0,0.0,0.03810716399948433,0.038089624999997795
M6A2__swiss_roll_with_hole__f_mapper__sigma_0.05__rep28__7dde9443159fbbd1,swiss_roll_with_hole,f_mapper,sigma_0.05,0.05,28,62916058.0,42,success,True,True,0.563150016047711,3.749042575736712,0.9513609995537706,135.0,48.0,87.0,87.0,0.0,87.0,0.0,5.435356672000125,5.43497262599999
M6A2__swiss_roll_with_hole__conventional__sigma_0.05__rep29__bebb2cabeb342e8c,swiss_roll_with_hole,conventional,sigma_0.05,0.05,29,413512468.0,42,success,True,True,0.6115476151221113,5.734840694372598,0.9522534582775547,141.0,62.0,79.0,79.0,0.0,79.0,0.0,0.02995486100007838,0.02995743499997161
M6A2__swiss_roll_with_hole__f_mapper__sigma_0.05__rep29__1b8162a77e8e574d,swiss_roll_with_hole,f_mapper,sigma_0.05,0.05,29,413512468.0,42,success,True,True,0.9119208914645505,4.9914323763787944,0.9522534582775547,121.0,42.0,79.0,79.0,0.0,79.0,0.0,4.844422146999932,4.843855710000014
M6A2__swiss_roll_with_hole__conventional__sigma_0.05__rep30__850a5d57bbe544f4,swiss_roll_with_hole,conventional,sigma_0.05,0.05,30,1340098004.0,42,success,True,True,0.6281757354076491,3.8802372547614072,0.9540383757251227,147.0,63.0,84.0,84.0,0.0,84.0,0.0,0.03967887700036954,0.039640254999994795
M6A2__swiss_roll_with_hole__f_mapper__sigma_0.05__rep30__d687b977a13bdee1,swiss_roll_with_hole,f_mapper,sigma_0.05,0.05,30,1340098004.0,42,success,True,True,0.9178196805107746,4.3230722734804115,0.9540383757251227,135.0,51.0,84.0,84.0,0.0,84.0,0.0,5.241655275000085,5.241184572999998
M6A2__swiss_roll_with_hole__conventional__sigma_0.08__rep1__ae95f4ae75a08ffe,swiss_roll_with_hole,conventional,sigma_0.08,0.08,1,196004788.0,42,success,True,True,0.39692685084038004,4.60372108180135,0.9518072289156626,150.0,59.0,91.0,91.0,0.0,91.0,0.0,0.035551897999539506,0.03554972500000986
M6A2__swiss_roll_with_hole__f_mapper__sigma_0.08__rep1__cf30d1e3c923d4d5,swiss_roll_with_hole,f_mapper,sigma_0.08,0.08,1,196004788.0,42,success,True,True,0.5618364812155363,4.243104951415941,0.9518072289156626,141.0,50.0,91.0,91.0,0.0,91.0,0.0,5.279961499999445,5.279316983000001
M6A2__swiss_roll_with_hole__conventional__sigma_0.08__rep2__0db080d9de2dbfb1,swiss_roll_with_hole,conventional,sigma_0.08,0.08,2,497368779.0,42,success,True,True,0.4206438267404913,6.011426338586707,0.9473449352967426,162.0,73.0,89.0,89.0,0.0,89.0,0.0,0.031667235999520926,0.031665010999972765
M6A2__swiss_roll_with_hole__f_mapper__sigma_0.08__rep2__a9c6bb57eb9e2abf,swiss_roll_with_hole,f_mapper,sigma_0.08,0.08,2,497368779.0,42,success,True,True,0.8575306898357713,5.2908451439810396,0.9468987059348505,140.0,51.0,89.0,89.0,0.0,89.0,0.0,4.9803943020006045,4.979845918999956
M6A2__swiss_roll_with_hole__conventional__sigma_0.08__rep3__4ddc076cfb69dfaa,swiss_roll_with_hole,conventional,sigma_0.08,0.08,3,1948942752.0,42,success,True,True,0.8934322062847428,5.336559413946954,0.9482373940205265,135.0,60.0,76.0,76.0,1.0,76.0,1.0,0.030741765000129817,0.030739814000014576
M6A2__swiss_roll_with_hole__f_mapper__sigma_0.08__rep3__057be61a4f20ac1c,swiss_roll_with_hole,f_mapper,sigma_0.08,0.08,3,1948942752.0,42,success,True,True,1.2136464585490634,6.021743898925869,0.9482373940205265,126.0,51.0,76.0,76.0,1.0,76.0,1.0,5.8052635699996245,5.804509154000016
M6A2__swiss_roll_with_hole__conventional__sigma_0.08__rep4__a72d4fc622ba584e,swiss_roll_with_hole,conventional,sigma_0.08,0.08,4,192288271.0,42,success,True,True,0.9553575767198232,5.360422855284271,0.9446675591253905,136.0,54.0,82.0,82.0,0.0,82.0,0.0,0.032412868999927014,0.03241057100001399
M6A2__swiss_roll_with_hole__f_mapper__sigma_0.08__rep4__92af4a3bf94168fe,swiss_roll_with_hole,f_mapper,sigma_0.08,0.08,4,192288271.0,42,success,True,True,0.8922546300481571,6.53693694538725,0.9446675591253905,129.0,48.0,82.0,82.0,1.0,82.0,1.0,6.299007665999852,6.2984515549999855
M6A2__swiss_roll_with_hole__conventional__sigma_0.08__rep5__07196e8c14d63029,swiss_roll_with_hole,conventional,sigma_0.08,0.08,5,978252103.0,42,success,True,True,0.6071209469781689,5.261205886051464,0.9522534582775547,144.0,57.0,87.0,87.0,0.0,87.0,0.0,0.029737363000094774,0.02973515700000462
M6A2__swiss_roll_with_hole__f_mapper__sigma_0.08__rep5__7a630041a26ed4a1,swiss_roll_with_hole,f_mapper,sigma_0.08,0.08,5,978252103.0,42,success,True,True,0.46952447728852675,4.575617497262451,0.9522534582775547,134.0,47.0,87.0,87.0,0.0,87.0,0.0,5.186767513000632,5.186236150000013
M6A2__swiss_roll_with_hole__conventional__sigma_0.08__rep6__bd74792a5e978696,swiss_roll_with_hole,conventional,sigma_0.08,0.08,6,177057805.0,42,success,True,True,0.39692685084038004,4.91721064287122,0.9473449352967426,140.0,59.0,81.0,81.0,0.0,81.0,0.0,0.03229445200031478,0.032290625999962685
M6A2__swiss_roll_with_hole__f_mapper__sigma_0.08__rep6__ec2974003b84f618,swiss_roll_with_hole,f_mapper,sigma_0.08,0.08,6,177057805.0,42,success,True,True,0.8188626671970427,4.524654423988433,0.9473449352967426,135.0,55.0,81.0,81.0,1.0,81.0,1.0,4.728695630999937,4.728368004999993
M6A2__swiss_roll_with_hole__conventional__sigma_0.08__rep7__aeeb62232172b452,swiss_roll_with_hole,conventional,sigma_0.08,0.08,7,352884722.0,42,success,True,True,0.5844887076536054,6.474194005770757,0.9553770638107988,139.0,62.0,77.0,77.0,0.0,77.0,0.0,0.034973473999343696,0.03497885399997358
M6A2__swiss_roll_with_hole__f_mapper__sigma_0.08__rep7__9a69364dd8d1cab7,swiss_roll_with_hole,f_mapper,sigma_0.08,0.08,7,352884722.0,42,success,True,True,0.6258797837855883,5.829836105325679,0.9553770638107988,121.0,44.0,77.0,77.0,0.0,77.0,0.0,5.203484908000064,5.2027071320000005
M6A2__swiss_roll_with_hole__conventional__sigma_0.08__rep8__d1a8da0509709451,swiss_roll_with_hole,conventional,sigma_0.08,0.08,8,2015628001.0,42,success,True,True,0.5530749407626825,5.916418551284283,0.9455600178491744,132.0,54.0,78.0,78.0,0.0,78.0,0.0,0.030083990000093763,0.03008308100004342
M6A2__swiss_roll_with_hole__f_mapper__sigma_0.08__rep8__148d47b57cf1aad8,swiss_roll_with_hole,f_mapper,sigma_0.08,0.08,8,2015628001.0,42,success,True,True,0.6739152148326042,5.280202327967713,0.9455600178491744,128.0,50.0,78.0,78.0,0.0,78.0,0.0,5.701621059999525,5.700795899000013
M6A2__swiss_roll_with_hole__conventional__sigma_0.08__rep9__beef390a064c802f,swiss_roll_with_hole,conventional,sigma_0.08,0.08,9,268234151.0,42,success,True,True,0.5303079099803654,6.323462275664482,0.9526996876394467,153.0,65.0,88.0,88.0,0.0,88.0,0.0,0.03161572599947249,0.031614074999993136
M6A2__swiss_roll_with_hole__f_mapper__sigma_0.08__rep9__15af88b49b4314dd,swiss_roll_with_hole,f_mapper,sigma_0.08,0.08,9,268234151.0,42,success,True,True,0.8465110409038781,4.676969856777151,0.9526996876394467,137.0,50.0,88.0,88.0,1.0,88.0,1.0,5.070866738000404,5.070206877000032
M6A2__swiss_roll_with_hole__conventional__sigma_0.08__rep10__12feddcefd7d25e3,swiss_roll_with_hole,conventional,sigma_0.08,0.08,10,295749546.0,42,success,True,True,0.560330066428782,5.498860103211783,0.9526996876394467,148.0,65.0,83.0,83.0,0.0,83.0,0.0,0.03172458500011999,0.03172253900004307
M6A2__swiss_roll_with_hole__f_mapper__sigma_0.08__rep10__70dfde08c7b0ca77,swiss_roll_with_hole,f_mapper,sigma_0.08,0.08,10,295749546.0,42,success,True,True,0.6633562638457633,4.471528303479326,0.9526996876394467,136.0,53.0,83.0,83.0,0.0,83.0,0.0,5.276393799999823,5.27585125600001
M6A2__swiss_roll_with_hole__conventional__sigma_0.08__rep11__a84638ba2316eb29,swiss_roll_with_hole,conventional,sigma_0.08,0.08,11,1808732687.0,42,success,True,True,1.0678639093305993,6.481877647910152,0.9451137884872824,136.0,61.0,75.0,75.0,0.0,75.0,0.0,0.03622139499930199,0.0362000079999234
M6A2__swiss_roll_with_hole__f_mapper__sigma_0.08__rep11__2a49e2127c378d97,swiss_roll_with_hole,f_mapper,sigma_0.08,0.08,11,1808732687.0,42,success,True,True,1.7073144906542668,7.208514999622048,0.9451137884872824,124.0,49.0,75.0,75.0,0.0,75.0,0.0,5.689874556999712,5.688638202999982
M6A2__swiss_roll_with_hole__conventional__sigma_0.08__rep12__17faec61b1058bad,swiss_roll_with_hole,conventional,sigma_0.08,0.08,12,1180028733.0,42,success,True,True,0.7848644071915647,6.655703149275041,0.9473449352967426,142.0,66.0,76.0,76.0,0.0,76.0,0.0,0.03299551899999642,0.03297291599994878
M6A2__swiss_roll_with_hole__f_mapper__sigma_0.08__rep12__47dbfe29d7c8f281,swiss_roll_with_hole,f_mapper,sigma_0.08,0.08,12,1180028733.0,42,success,True,True,0.6065918331313984,4.9062102228091895,0.9473449352967426,121.0,44.0,77.0,77.0,0.0,77.0,0.0,4.906853014000262,4.905837934000033
M6A2__swiss_roll_with_hole__conventional__sigma_0.08__rep13__8f43001274c96b88,swiss_roll_with_hole,conventional,sigma_0.08,0.08,13,71495984.0,42,success,True,True,0.4018898909983726,5.717266297597654,0.9491298527443106,152.0,62.0,90.0,90.0,0.0,90.0,0.0,0.031927975000144215,0.03192546999991919
M6A2__swiss_roll_with_hole__f_mapper__sigma_0.08__rep13__e535e33d1cb8a81e,swiss_roll_with_hole,f_mapper,sigma_0.08,0.08,13,71495984.0,42,success,True,True,0.5831742858483766,4.6018575007729865,0.9491298527443106,143.0,53.0,90.0,90.0,0.0,90.0,0.0,5.308295794000514,5.307696083999986
M6A2__swiss_roll_with_hole__conventional__sigma_0.08__rep14__0f343af335a51234,swiss_roll_with_hole,conventional,sigma_0.08,0.08,14,180491862.0,42,success,True,True,1.0688729711182283,7.584469402028992,0.9580544399821508,173.0,81.0,92.0,92.0,0.0,92.0,0.0,0.030896240999936708,0.03089402299997346
M6A2__swiss_roll_with_hole__f_mapper__sigma_0.08__rep14__b1a974cb1261b77e,swiss_roll_with_hole,f_mapper,sigma_0.08,0.08,14,180491862.0,42,success,True,True,1.710216805622287,6.4572200243061255,0.9580544399821508,144.0,52.0,92.0,92.0,0.0,92.0,0.0,5.234544812000422,5.233722497000031
M6A2__swiss_roll_with_hole__conventional__sigma_0.08__rep15__1e526cae01706851,swiss_roll_with_hole,conventional,sigma_0.08,0.08,15,1625091122.0,42,success,True,True,0.42070471266306875,4.211273367581738,0.9491298527443106,134.0,58.0,76.0,76.0,0.0,76.0,0.0,0.0295787469995048,0.029577240999969945
M6A2__swiss_roll_with_hole__f_mapper__sigma_0.08__rep15__ae59d491a5522055,swiss_roll_with_hole,f_mapper,sigma_0.08,0.08,15,1625091122.0,42,success,True,True,0.6008261744170391,6.630078315078812,0.9486836233824185,126.0,50.0,76.0,76.0,0.0,76.0,0.0,4.95022441600031,4.949630074999959
M6A2__swiss_roll_with_hole__conventional__sigma_0.08__rep16__ba3c882ab2dd1b0f,swiss_roll_with_hole,conventional,sigma_0.08,0.08,16,1957702076.0,42,success,True,True,0.803394444376762,5.9988579066369265,0.9504685408299867,135.0,60.0,75.0,75.0,0.0,75.0,0.0,0.03134977399986383,0.03134860699992714
M6A2__swiss_roll_with_hole__f_mapper__sigma_0.08__rep16__976e0e4671a3ac4c,swiss_roll_with_hole,f_mapper,sigma_0.08,0.08,16,1957702076.0,42,success,True,True,0.5153455442300849,4.313817242977334,0.9500223114680946,118.0,43.0,75.0,75.0,0.0,75.0,0.0,6.343644263999522,6.3431999980000455
M6A2__swiss_roll_with_hole__conventional__sigma_0.08__rep17__bab0a4f5adfebd88,swiss_roll_with_hole,conventional,sigma_0.08,0.08,17,2097784564.0,42,success,True,True,0.9455272658299867,7.556076415023945,0.9464524765729585,161.0,72.0,89.0,89.0,0.0,89.0,0.0,0.030519415999151533,0.03051789699998153
M6A2__swiss_roll_with_hole__f_mapper__sigma_0.08__rep17__e4a48506c2a30603,swiss_roll_with_hole,f_mapper,sigma_0.08,0.08,17,2097784564.0,42,success,True,True,1.087506586765631,6.298732823189384,0.9464524765729585,145.0,56.0,89.0,89.0,0.0,89.0,0.0,5.21179628200025,5.211315051000042
M6A2__swiss_roll_with_hole__conventional__sigma_0.08__rep18__fd88b9a9392fddab,swiss_roll_with_hole,conventional,sigma_0.08,0.08,18,315179692.0,42,success,True,True,1.0003120900565454,6.883994591868535,0.9513609995537706,154.0,66.0,88.0,88.0,0.0,88.0,0.0,0.0334111189995383,0.03340986700004578
M6A2__swiss_roll_with_hole__f_mapper__sigma_0.08__rep18__14ec3892eeecdec4,swiss_roll_with_hole,f_mapper,sigma_0.08,0.08,18,315179692.0,42,success,True,True,1.6680256130884308,6.8613975765062225,0.9513609995537706,136.0,48.0,88.0,88.0,0.0,88.0,0.0,5.4295407610006805,5.42841428700001
M6A2__swiss_roll_with_hole__conventional__sigma_0.08__rep19__39dcf2dc2116f718,swiss_roll_with_hole,conventional,sigma_0.08,0.08,19,2032366198.0,42,success,True,True,0.5783921381917416,5.59729968329829,0.9571619812583668,138.0,57.0,81.0,81.0,0.0,81.0,0.0,0.029337943000427913,0.029336399000044366
M6A2__swiss_roll_with_hole__f_mapper__sigma_0.08__rep19__f9b7712d1ef5535e,swiss_roll_with_hole,f_mapper,sigma_0.08,0.08,19,2032366198.0,42,success,True,True,0.43907303322788316,3.3981895689467265,0.9571619812583668,125.0,44.0,81.0,81.0,0.0,81.0,0.0,5.0968126930001745,5.096372589999987
M6A2__swiss_roll_with_hole__conventional__sigma_0.08__rep20__1a539e4ee72b6e0a,swiss_roll_with_hole,conventional,sigma_0.08,0.08,20,1111963.0,42,success,True,True,0.9842732526589533,5.461332213051381,0.9477911646586346,149.0,65.0,84.0,84.0,0.0,84.0,0.0,0.03039039800023602,0.03038011799992546
M6A2__swiss_roll_with_hole__f_mapper__sigma_0.08__rep20__fa3295c4e9002a1c,swiss_roll_with_hole,f_mapper,sigma_0.08,0.08,20,1111963.0,42,success,True,True,1.6166790644887108,5.9945810526470105,0.9477911646586346,132.0,48.0,84.0,84.0,0.0,84.0,0.0,4.453691271000025,4.452930473999913
M6A2__swiss_roll_with_hole__conventional__sigma_0.08__rep21__5ebcdccf9fbff035,swiss_roll_with_hole,conventional,sigma_0.08,0.08,21,1641694709.0,42,success,True,True,0.39692685084038004,5.212343167856524,0.9500223114680946,137.0,58.0,79.0,79.0,0.0,79.0,0.0,0.030890729999555333,0.030891617999941445
M6A2__swiss_roll_with_hole__f_mapper__sigma_0.08__rep21__a4f76410b9d88b07,swiss_roll_with_hole,f_mapper,sigma_0.08,0.08,21,1641694709.0,42,success,True,True,0.6037455180826434,4.923126767860006,0.9486836233824185,125.0,47.0,78.0,78.0,0.0,78.0,0.0,4.108789664000142,4.108195169999931
M6A2__swiss_roll_with_hole__conventional__sigma_0.08__rep22__c340efe205b76274,swiss_roll_with_hole,conventional,sigma_0.08,0.08,22,1500074334.0,42,success,True,True,0.9190555794264696,6.0656916060058155,0.9509147701918786,146.0,61.0,85.0,85.0,0.0,85.0,0.0,0.03048865599976125,0.030486438000025373
M6A2__swiss_roll_with_hole__f_mapper__sigma_0.08__rep22__9d4e7ef58d41deb7,swiss_roll_with_hole,f_mapper,sigma_0.08,0.08,22,1500074334.0,42,success,True,True,0.735057755175109,5.3794773854561235,0.9500223114680946,135.0,50.0,85.0,85.0,0.0,85.0,0.0,5.68815330400048,5.6876530150000235
M6A2__swiss_roll_with_hole__conventional__sigma_0.08__rep23__37ac28fa551a0a11,swiss_roll_with_hole,conventional,sigma_0.08,0.08,23,403795832.0,42,success,True,True,0.3546373715158797,5.269235624098829,0.9513609995537706,147.0,64.0,83.0,83.0,0.0,83.0,0.0,0.03225257899975986,0.03225022000003719
M6A2__swiss_roll_with_hole__f_mapper__sigma_0.08__rep23__32d2b4510fcaa8b2,swiss_roll_with_hole,f_mapper,sigma_0.08,0.08,23,403795832.0,42,success,True,True,0.4890603676037575,4.859542745411014,0.9513609995537706,130.0,47.0,83.0,83.0,0.0,83.0,0.0,5.16218347099948,5.161572370000044
M6A2__swiss_roll_with_hole__conventional__sigma_0.08__rep24__78ec5abf3552a4c2,swiss_roll_with_hole,conventional,sigma_0.08,0.08,24,1310250441.0,42,success,True,True,0.6365010259272226,5.184775158417727,0.9518072289156626,156.0,64.0,92.0,92.0,0.0,92.0,0.0,0.03060926800026209,0.030612594999979592
M6A2__swiss_roll_with_hole__f_mapper__sigma_0.08__rep24__df8284553cd7597c,swiss_roll_with_hole,f_mapper,sigma_0.08,0.08,24,1310250441.0,42,success,True,True,0.5097465822839169,4.416814014405626,0.9518072289156626,142.0,50.0,92.0,92.0,0.0,92.0,0.0,6.6737489729994195,6.673147022999956
M6A2__swiss_roll_with_hole__conventional__sigma_0.08__rep25__93664a90b9e98175,swiss_roll_with_hole,conventional,sigma_0.08,0.08,25,1188582336.0,42,success,True,True,1.0773109726988697,8.039412233860013,0.9513609995537706,146.0,64.0,82.0,82.0,0.0,82.0,0.0,0.030308489999697485,0.0303067810000357
M6A2__swiss_roll_with_hole__f_mapper__sigma_0.08__rep25__e1bbd4d3b5419c8f,swiss_roll_with_hole,f_mapper,sigma_0.08,0.08,25,1188582336.0,42,success,True,True,1.70426865086257,7.456780019723912,0.9513609995537706,123.0,41.0,82.0,82.0,0.0,82.0,0.0,4.877672700999938,4.8770382510000445
M6A2__swiss_roll_with_hole__conventional__sigma_0.08__rep26__95704577ba05f1e8,swiss_roll_with_hole,conventional,sigma_0.08,0.08,26,2075122224.0,42,success,True,True,1.4496262191380822,5.858500220873792,0.9482373940205265,143.0,64.0,79.0,79.0,0.0,79.0,0.0,0.03383477199986373,0.03381979699997828
M6A2__swiss_roll_with_hole__f_mapper__sigma_0.08__rep26__fa7a8ec70b64c469,swiss_roll_with_hole,f_mapper,sigma_0.08,0.08,26,2075122224.0,42,success,True,True,0.4692572966069495,4.62972374942477,0.9482373940205265,125.0,46.0,79.0,79.0,0.0,79.0,0.0,5.774653861999468,5.77400547600007
M6A2__swiss_roll_with_hole__conventional__sigma_0.08__rep27__8b55170e665c79c9,swiss_roll_with_hole,conventional,sigma_0.08,0.08,27,1356405493.0,42,success,True,True,0.39692685084038004,4.481640353623984,0.9473449352967426,142.0,52.0,90.0,90.0,0.0,90.0,0.0,0.030508073999953922,0.030505382999990616
M6A2__swiss_roll_with_hole__f_mapper__sigma_0.08__rep27__72a332ad29107928,swiss_roll_with_hole,f_mapper,sigma_0.08,0.08,27,1356405493.0,42,success,True,True,0.26143941235135815,2.7523630802138936,0.9473449352967426,132.0,42.0,90.0,90.0,0.0,90.0,0.0,5.276224839999486,5.275814566000008
M6A2__swiss_roll_with_hole__conventional__sigma_0.08__rep28__444ad99ff3fbf39f,swiss_roll_with_hole,conventional,sigma_0.08,0.08,28,1210504150.0,42,success,True,True,0.7429178274856434,5.758654736434142,0.9486836233824185,146.0,63.0,83.0,83.0,0.0,83.0,0.0,0.03179773400006525,0.031796496999959345
M6A2__swiss_roll_with_hole__f_mapper__sigma_0.08__rep28__86609f5c8a00a87b,swiss_roll_with_hole,f_mapper,sigma_0.08,0.08,28,1210504150.0,42,success,True,True,0.7754728027621707,5.563213582022714,0.9486836233824185,123.0,40.0,83.0,83.0,0.0,83.0,0.0,5.215005549000125,5.213563115999932
M6A2__swiss_roll_with_hole__conventional__sigma_0.08__rep29__3ef346d69eb7867a,swiss_roll_with_hole,conventional,sigma_0.08,0.08,29,1662178307.0,42,success,True,True,0.425637565202619,3.794735591680584,0.9531459170013387,145.0,68.0,77.0,77.0,0.0,77.0,0.0,0.029458054000315315,0.029454188999920916
M6A2__swiss_roll_with_hole__f_mapper__sigma_0.08__rep29__727ab30145a1840b,swiss_roll_with_hole,f_mapper,sigma_0.08,0.08,29,1662178307.0,42,success,True,True,0.4003586807848105,4.553976985057869,0.9531459170013387,131.0,54.0,77.0,77.0,0.0,77.0,0.0,6.303505591999965,6.302394255000081
M6A2__swiss_roll_with_hole__conventional__sigma_0.08__rep30__b99d1411bd5eed32,swiss_roll_with_hole,conventional,sigma_0.08,0.08,30,1028756988.0,42,success,True,True,0.9579306349262602,6.330273931650164,0.9500223114680946,132.0,62.0,70.0,70.0,0.0,70.0,0.0,0.027830572000311804,0.027820922000046266
M6A2__swiss_roll_with_hole__f_mapper__sigma_0.08__rep30__7cb56023d07c08c1,swiss_roll_with_hole,f_mapper,sigma_0.08,0.08,30,1028756988.0,42,success,True,True,0.8470674863184646,6.091038977006782,0.9500223114680946,118.0,49.0,70.0,70.0,1.0,70.0,1.0,5.159052219999467,5.158097853000072
M6A2__swiss_roll_with_hole__conventional__sigma_0.10__rep1__c4c9d27599a7b855,swiss_roll_with_hole,conventional,sigma_0.10,0.1,1,341323734.0,42,success,True,True,0.4898925738296782,6.859443088018713,0.9446675591253905,150.0,67.0,83.0,83.0,0.0,83.0,0.0,0.031914707999931125,0.03191283699993619
M6A2__swiss_roll_with_hole__f_mapper__sigma_0.10__rep1__6314feb250cb65b5,swiss_roll_with_hole,f_mapper,sigma_0.10,0.1,1,341323734.0,42,success,True,True,0.8825666611525218,7.464592424633029,0.9446675591253905,140.0,57.0,83.0,83.0,0.0,83.0,0.0,6.269378962000701,6.268902197999978
M6A2__swiss_roll_with_hole__conventional__sigma_0.10__rep2__6652364d4e613f0e,swiss_roll_with_hole,conventional,sigma_0.10,0.1,2,1962267469.0,42,success,True,True,0.5841567211524761,5.941902613871017,0.9464524765729585,173.0,78.0,95.0,95.0,0.0,95.0,0.0,0.03491002999999182,0.03490809100003389
M6A2__swiss_roll_with_hole__f_mapper__sigma_0.10__rep2__4997f345a603880e,swiss_roll_with_hole,f_mapper,sigma_0.10,0.1,2,1962267469.0,42,success,True,True,0.706266995026521,6.0333399026257375,0.9442213297634985,152.0,58.0,94.0,94.0,0.0,94.0,0.0,5.585165546000098,5.584538005000013
M6A2__swiss_roll_with_hole__conventional__sigma_0.10__rep3__771b09fc98b76639,swiss_roll_with_hole,conventional,sigma_0.10,0.1,3,1223307710.0,42,success,True,True,0.9400436370912955,5.701838948273826,0.9446675591253905,145.0,58.0,87.0,87.0,0.0,87.0,0.0,0.02855816200008121,0.028556093000020155
M6A2__swiss_roll_with_hole__f_mapper__sigma_0.10__rep3__7fbe26c77bfe5d40,swiss_roll_with_hole,f_mapper,sigma_0.10,0.1,3,1223307710.0,42,success,True,True,1.023345944281889,6.468145078871791,0.9446675591253905,136.0,49.0,88.0,88.0,1.0,88.0,1.0,5.84778966399972,5.847192028999984
M6A2__swiss_roll_with_hole__conventional__sigma_0.10__rep4__4d7c6aa6de800836,swiss_roll_with_hole,conventional,sigma_0.10,0.1,4,742588970.0,42,success,True,True,0.7533353663432472,8.426109099887627,0.9433288710397144,150.0,69.0,81.0,81.0,0.0,81.0,0.0,0.028618688999813457,0.028617097000051217
M6A2__swiss_roll_with_hole__f_mapper__sigma_0.10__rep4__da4f3952d68a61e0,swiss_roll_with_hole,f_mapper,sigma_0.10,0.1,4,742588970.0,42,success,True,True,0.7134532740208961,6.414107361673164,0.9415439535921464,132.0,52.0,80.0,80.0,0.0,80.0,0.0,5.004507503000241,5.004216265999958
M6A2__swiss_roll_with_hole__conventional__sigma_0.10__rep5__a3cd07991854de99,swiss_roll_with_hole,conventional,sigma_0.10,0.1,5,1002543249.0,42,success,True,True,0.39692685084038004,5.731680236668367,0.9518072289156626,162.0,70.0,92.0,92.0,0.0,92.0,0.0,0.029653519000021333,0.029651639999997315
M6A2__swiss_roll_with_hole__f_mapper__sigma_0.10__rep5__354b51de8cff90c1,swiss_roll_with_hole,f_mapper,sigma_0.10,0.1,5,1002543249.0,42,success,True,True,0.2951868826446322,5.011045436940021,0.9509147701918786,145.0,53.0,92.0,92.0,0.0,92.0,0.0,5.7271453510002175,5.726810282999963
M6A2__swiss_roll_with_hole__conventional__sigma_0.10__rep6__f10ec11085013a5d,swiss_roll_with_hole,conventional,sigma_0.10,0.1,6,1112645454.0,42,success,True,True,0.5507326808437956,4.6530390206866645,0.9419901829540384,122.0,53.0,69.0,69.0,0.0,69.0,0.0,0.028625480999835418,0.028624061000073198
M6A2__swiss_roll_with_hole__f_mapper__sigma_0.10__rep6__74043831a7e8f54e,swiss_roll_with_hole,f_mapper,sigma_0.10,0.1,6,1112645454.0,42,success,True,True,0.6034738819109275,4.8252033351885935,0.9402052655064703,113.0,45.0,68.0,68.0,0.0,68.0,0.0,5.1999410150001495,5.19953096200004
M6A2__swiss_roll_with_hole__conventional__sigma_0.10__rep7__43c4d8dc7dfda4ef,swiss_roll_with_hole,conventional,sigma_0.10,0.1,7,476657116.0,42,success,True,True,0.9767924230441061,7.163650791291317,0.9424364123159303,147.0,66.0,81.0,81.0,0.0,81.0,0.0,0.03045384799952444,0.030430702999979076
M6A2__swiss_roll_with_hole__f_mapper__sigma_0.10__rep7__a1db47943755e656,swiss_roll_with_hole,f_mapper,sigma_0.10,0.1,7,476657116.0,42,success,True,True,1.0842112744714587,6.180162560416452,0.9419901829540384,130.0,49.0,81.0,81.0,0.0,81.0,0.0,5.4341020410001875,5.433545742999968
M6A2__swiss_roll_with_hole__conventional__sigma_0.10__rep8__d4d96ebc5eb3d1a0,swiss_roll_with_hole,conventional,sigma_0.10,0.1,8,1527993060.0,42,success,True,True,0.9082669801652647,7.602771312851733,0.9473449352967426,153.0,71.0,84.0,84.0,2.0,84.0,2.0,0.029701800999646366,0.029701462999923933
M6A2__swiss_roll_with_hole__f_mapper__sigma_0.10__rep8__2183d3a2eee657a6,swiss_roll_with_hole,f_mapper,sigma_0.10,0.1,8,1527993060.0,42,success,True,True,0.49570119391948,4.358835876208886,0.9455600178491744,133.0,50.0,83.0,83.0,0.0,83.0,0.0,5.729441974999645,5.728499745000022
M6A2__swiss_roll_with_hole__conventional__sigma_0.10__rep9__8027e65b3b9f3a0b,swiss_roll_with_hole,conventional,sigma_0.10,0.1,9,121748757.0,42,success,True,True,0.5551576758641641,6.1366911031871645,0.9473449352967426,146.0,63.0,83.0,83.0,0.0,83.0,0.0,0.030256748999818228,0.030234505000066747
M6A2__swiss_roll_with_hole__f_mapper__sigma_0.10__rep9__317bb02482296861,swiss_roll_with_hole,f_mapper,sigma_0.10,0.1,9,121748757.0,42,success,True,True,0.8863852910420746,6.6876467467172445,0.9473449352967426,138.0,54.0,84.0,84.0,0.0,84.0,0.0,5.693108912999378,5.692261723999991
M6A2__swiss_roll_with_hole__conventional__sigma_0.10__rep10__14dea71245a5d30f,swiss_roll_with_hole,conventional,sigma_0.10,0.1,10,243870738.0,42,success,True,True,0.7973226459503984,5.844265761006271,0.9446675591253905,137.0,58.0,80.0,80.0,1.0,80.0,1.0,0.02835241600041627,0.028350236000051154
M6A2__swiss_roll_with_hole__f_mapper__sigma_0.10__rep10__1b18077a1c6c94aa,swiss_roll_with_hole,f_mapper,sigma_0.10,0.1,10,243870738.0,42,success,True,True,0.6060306573237426,6.404117957802589,0.9446675591253905,125.0,45.0,80.0,80.0,0.0,80.0,0.0,4.84246276399972,4.84209766999993
M6A2__swiss_roll_with_hole__conventional__sigma_0.10__rep11__f5791ced90163f15,swiss_roll_with_hole,conventional,sigma_0.10,0.1,11,1161174461.0,42,success,True,True,0.5714948209292516,5.90772872191469,0.9491298527443106,137.0,60.0,77.0,77.0,0.0,77.0,0.0,0.03029961100037326,0.030297883000002912
M6A2__swiss_roll_with_hole__f_mapper__sigma_0.10__rep11__8e5d18b4abef3f76,swiss_roll_with_hole,f_mapper,sigma_0.10,0.1,11,1161174461.0,42,success,True,True,0.6031051025225214,4.0076358818835125,0.9491298527443106,120.0,43.0,77.0,77.0,0.0,77.0,0.0,5.153503407000244,5.152657151000085
M6A2__swiss_roll_with_hole__conventional__sigma_0.10__rep12__1159243422b72c9b,swiss_roll_with_hole,conventional,sigma_0.10,0.1,12,1409957132.0,42,success,True,True,0.6155799421834018,7.375781275142097,0.9451137884872824,153.0,71.0,82.0,82.0,0.0,82.0,0.0,0.03032250500018563,0.030298535000042648
M6A2__swiss_roll_with_hole__f_mapper__sigma_0.10__rep12__bc87a3a405564f1c,swiss_roll_with_hole,f_mapper,sigma_0.10,0.1,12,1409957132.0,42,success,True,True,0.9233408811576655,6.049888317266845,0.9446675591253905,127.0,45.0,82.0,82.0,0.0,82.0,0.0,4.914363482000226,4.913812844000063
M6A2__swiss_roll_with_hole__conventional__sigma_0.10__rep13__61b3725bc20b4cb6,swiss_roll_with_hole,conventional,sigma_0.10,0.1,13,1854795802.0,42,success,True,True,0.6602985377585093,6.383939565033365,0.9518072289156626,153.0,68.0,85.0,85.0,0.0,85.0,0.0,0.030070630000409437,0.030068723999988833
M6A2__swiss_roll_with_hole__f_mapper__sigma_0.10__rep13__0bd52c131ec88ad4,swiss_roll_with_hole,f_mapper,sigma_0.10,0.1,13,1854795802.0,42,success,True,True,0.7700082864651958,6.78273507005437,0.9509147701918786,144.0,59.0,85.0,85.0,0.0,85.0,0.0,5.222938932999568,5.222567751000042
M6A2__swiss_roll_with_hole__conventional__sigma_0.10__rep14__c3c2e17089385fa6,swiss_roll_with_hole,conventional,sigma_0.10,0.1,14,1766650995.0,42,success,True,True,0.4903110452630024,6.259672267311387,0.9464524765729585,164.0,69.0,95.0,95.0,0.0,95.0,0.0,0.029814006999913545,0.029809927999963293
M6A2__swiss_roll_with_hole__f_mapper__sigma_0.10__rep14__bdc79809025feec2,swiss_roll_with_hole,f_mapper,sigma_0.10,0.1,14,1766650995.0,42,success,True,True,0.6448737983759525,4.475214137914158,0.9442213297634985,143.0,49.0,94.0,94.0,0.0,94.0,0.0,4.407583213999715,4.407303436999996
M6A2__swiss_roll_with_hole__conventional__sigma_0.10__rep15__3be6f78b646df5d8,swiss_roll_with_hole,conventional,sigma_0.10,0.1,15,363146272.0,42,success,True,True,0.9989458873220292,7.274370351626281,0.9509147701918786,157.0,66.0,91.0,91.0,0.0,91.0,0.0,0.04020888100058073,0.04016359000002012
M6A2__swiss_roll_with_hole__f_mapper__sigma_0.10__rep15__6ee60da5fcbb2b68,swiss_roll_with_hole,f_mapper,sigma_0.10,0.1,15,363146272.0,42,success,True,True,1.6408807876835318,6.0330930535490195,0.9500223114680946,140.0,49.0,91.0,91.0,0.0,91.0,0.0,4.760822876999555,4.76002714699996
M6A2__swiss_roll_with_hole__conventional__sigma_0.10__rep16__06413b8fcce4599b,swiss_roll_with_hole,conventional,sigma_0.10,0.1,16,1773214357.0,42,success,True,True,0.9048236651466408,5.875975233153936,0.9428826416778224,137.0,57.0,81.0,81.0,1.0,81.0,1.0,0.029002907000176492,0.029001329000038822
M6A2__swiss_roll_with_hole__f_mapper__sigma_0.10__rep16__e28d16eb2017f7e9,swiss_roll_with_hole,f_mapper,sigma_0.10,0.1,16,1773214357.0,42,success,True,True,0.5241412122423839,4.466726547100597,0.9428826416778224,128.0,47.0,81.0,81.0,0.0,81.0,0.0,4.611046926000199,4.6106563740000865
M6A2__swiss_roll_with_hole__conventional__sigma_0.10__rep17__b0e4186bd55cf930,swiss_roll_with_hole,conventional,sigma_0.10,0.1,17,1487067109.0,42,success,True,True,0.7142794171201672,6.340689294854626,0.9468987059348505,141.0,61.0,80.0,80.0,0.0,80.0,0.0,0.02934899200045038,0.029346106000048167
M6A2__swiss_roll_with_hole__f_mapper__sigma_0.10__rep17__e73903fcfc9b4191,swiss_roll_with_hole,f_mapper,sigma_0.10,0.1,17,1487067109.0,42,fcm_non_convergence,False,False,,,,,,,,,,,7.193668810000418,7.192920543000014
M6A2__swiss_roll_with_hole__conventional__sigma_0.10__rep18__b3b5423457f2ce8c,swiss_roll_with_hole,conventional,sigma_0.10,0.1,18,1540584473.0,42,success,True,True,0.35795247224671556,5.267985001532021,0.9460062472110665,146.0,61.0,85.0,85.0,0.0,85.0,0.0,0.03025547600009304,0.030252869000037208
M6A2__swiss_roll_with_hole__f_mapper__sigma_0.10__rep18__83e1808566f188a6,swiss_roll_with_hole,f_mapper,sigma_0.10,0.1,18,1540584473.0,42,success,True,True,0.4535750150204194,3.786457862517415,0.9424364123159303,129.0,45.0,84.0,84.0,0.0,84.0,0.0,4.431082155000695,4.4305252020000125
M6A2__swiss_roll_with_hole__conventional__sigma_0.10__rep19__873a8178ed331f7d,swiss_roll_with_hole,conventional,sigma_0.10,0.1,19,2000356558.0,42,success,True,True,0.7734049222407857,7.1286541365944505,0.9518072289156626,149.0,66.0,83.0,83.0,0.0,83.0,0.0,0.029568323999228596,0.029566339999973934
M6A2__swiss_roll_with_hole__f_mapper__sigma_0.10__rep19__4e207a47516eb8a3,swiss_roll_with_hole,f_mapper,sigma_0.10,0.1,19,2000356558.0,42,success,True,True,0.44665564303336147,5.272656414373228,0.9513609995537706,132.0,49.0,83.0,83.0,0.0,83.0,0.0,5.825084867999976,5.824578765000069
M6A2__swiss_roll_with_hole__conventional__sigma_0.10__rep20__d5579ed823670767,swiss_roll_with_hole,conventional,sigma_0.10,0.1,20,390062243.0,42,success,True,True,0.9339546999494246,5.612436817437697,0.9384203480589023,142.0,66.0,76.0,76.0,0.0,76.0,0.0,0.02864678100013407,0.028647054000089156
M6A2__swiss_roll_with_hole__f_mapper__sigma_0.10__rep20__9233c25b30f8de35,swiss_roll_with_hole,f_mapper,sigma_0.10,0.1,20,390062243.0,42,success,True,True,0.6029737373024311,6.878139606683925,0.9379741186970103,137.0,60.0,77.0,77.0,0.0,77.0,0.0,5.823507480999979,5.823111667000035
M6A2__swiss_roll_with_hole__conventional__sigma_0.10__rep21__2a3ee6d072e52f52,swiss_roll_with_hole,conventional,sigma_0.10,0.1,21,2144041883.0,42,success,True,True,0.9008686712939191,7.46316943606854,0.9433288710397144,137.0,68.0,70.0,70.0,1.0,70.0,1.0,0.03368179199969745,0.03366282200011028
M6A2__swiss_roll_with_hole__f_mapper__sigma_0.10__rep21__9eac376ecd3d6056,swiss_roll_with_hole,f_mapper,sigma_0.10,0.1,21,2144041883.0,42,success,True,True,0.4739689566752485,4.907161898318643,0.9410977242302544,118.0,48.0,70.0,70.0,0.0,70.0,0.0,5.9692521750002925,5.969156776000091
M6A2__swiss_roll_with_hole__conventional__sigma_0.10__rep22__79aff947e9787183,swiss_roll_with_hole,conventional,sigma_0.10,0.1,22,1869186503.0,42,success,True,True,0.4392493090557732,5.6062999600779,0.9473449352967426,152.0,65.0,87.0,87.0,0.0,87.0,0.0,0.029479062000064005,0.029488925000009658
M6A2__swiss_roll_with_hole__f_mapper__sigma_0.10__rep22__de27e5e6b07cc6f9,swiss_roll_with_hole,f_mapper,sigma_0.10,0.1,22,1869186503.0,42,success,True,True,0.5334019052732106,4.570720602883,0.9455600178491744,137.0,49.0,88.0,88.0,0.0,88.0,0.0,4.8852342999998655,4.8842883539999775
M6A2__swiss_roll_with_hole__conventional__sigma_0.10__rep23__a64e1439df36699a,swiss_roll_with_hole,conventional,sigma_0.10,0.1,23,1778230843.0,42,success,True,True,0.5224791766563079,6.332815183495178,0.9482373940205265,158.0,72.0,86.0,86.0,0.0,86.0,0.0,0.03079847500066535,0.030780099000025984
M6A2__swiss_roll_with_hole__f_mapper__sigma_0.10__rep23__48e5dcffa3fc0ede,swiss_roll_with_hole,f_mapper,sigma_0.10,0.1,23,1778230843.0,42,success,True,True,0.6709969845827741,5.776836426436329,0.9473449352967426,140.0,54.0,86.0,86.0,0.0,86.0,0.0,5.7480942370002595,5.748356142000034
M6A2__swiss_roll_with_hole__conventional__sigma_0.10__rep24__540eb4a7fbd9fa84,swiss_roll_with_hole,conventional,sigma_0.10,0.1,24,1990252382.0,42,success,True,True,0.7759245164960973,8.077425616588869,0.9446675591253905,138.0,60.0,78.0,78.0,0.0,78.0,0.0,0.028834964999987278,0.02883588800000325
M6A2__swiss_roll_with_hole__f_mapper__sigma_0.10__rep24__5bf4a458f046b9d5,swiss_roll_with_hole,f_mapper,sigma_0.10,0.1,24,1990252382.0,42,success,True,True,0.8542720511452675,7.758840535869531,0.9446675591253905,129.0,53.0,77.0,77.0,1.0,77.0,1.0,5.651138395000089,5.650048018999996
M6A2__swiss_roll_with_hole__conventional__sigma_0.10__rep25__e884664232afb8f4,swiss_roll_with_hole,conventional,sigma_0.10,0.1,25,432181774.0,42,success,True,True,0.8685497116835994,5.373269537243063,0.9446675591253905,146.0,62.0,85.0,85.0,1.0,85.0,1.0,0.02924914799950784,0.029252670999994734
M6A2__swiss_roll_with_hole__f_mapper__sigma_0.10__rep25__1126f4bac2c7a57f,swiss_roll_with_hole,f_mapper,sigma_0.10,0.1,25,432181774.0,42,success,True,True,1.240235323297604,7.0965725911404185,0.9451137884872824,145.0,61.0,85.0,85.0,1.0,85.0,1.0,4.958253918000082,4.958284588999959
M6A2__swiss_roll_with_hole__conventional__sigma_0.10__rep26__f587b84182f959b9,swiss_roll_with_hole,conventional,sigma_0.10,0.1,26,1534151312.0,42,success,True,True,0.39692685084038004,6.71736549677542,0.9468987059348505,153.0,72.0,81.0,81.0,0.0,81.0,0.0,0.030656132999865804,0.03065761899995323
M6A2__swiss_roll_with_hole__f_mapper__sigma_0.10__rep26__5917b0fa56316dae,swiss_roll_with_hole,f_mapper,sigma_0.10,0.1,26,1534151312.0,42,success,True,True,0.7896744335267885,5.324070982678261,0.9460062472110665,133.0,52.0,82.0,82.0,1.0,82.0,1.0,5.647420050000619,5.647382846000028
M6A2__swiss_roll_with_hole__conventional__sigma_0.10__rep27__4546c83a86194e14,swiss_roll_with_hole,conventional,sigma_0.10,0.1,27,2102950834.0,42,success,True,True,0.6127841628391697,6.031959316201451,0.9446675591253905,150.0,67.0,83.0,83.0,0.0,83.0,0.0,0.02876482100055,0.028765626999984306
M6A2__swiss_roll_with_hole__f_mapper__sigma_0.10__rep27__3f38b4db2cf67fd1,swiss_roll_with_hole,f_mapper,sigma_0.10,0.1,27,2102950834.0,42,success,True,True,0.6472499358022983,6.481818644108239,0.9446675591253905,137.0,53.0,84.0,84.0,0.0,84.0,0.0,4.813719413000399,4.813530424000078
M6A2__swiss_roll_with_hole__conventional__sigma_0.10__rep28__f40655ef91218ceb,swiss_roll_with_hole,conventional,sigma_0.10,0.1,28,1498633327.0,42,success,True,True,0.3546373715158797,4.73362591133124,0.9446675591253905,148.0,64.0,84.0,84.0,0.0,84.0,0.0,0.029699990999688453,0.029701402999990023
M6A2__swiss_roll_with_hole__f_mapper__sigma_0.10__rep28__dc43183034bf342f,swiss_roll_with_hole,f_mapper,sigma_0.10,0.1,28,1498633327.0,42,success,True,True,0.2608736556798421,4.540943139051295,0.9424364123159303,136.0,53.0,83.0,83.0,0.0,83.0,0.0,6.1856379239998205,6.185428124000055
M6A2__swiss_roll_with_hole__conventional__sigma_0.10__rep29__18b4a56b259a5f08,swiss_roll_with_hole,conventional,sigma_0.10,0.1,29,1594863117.0,42,success,True,True,0.5724046389021886,7.484035816517146,0.9500223114680946,143.0,66.0,77.0,77.0,0.0,77.0,0.0,0.0290977410004416,0.029101387000082468
M6A2__swiss_roll_with_hole__f_mapper__sigma_0.10__rep29__77cb9bafbb144cbc,swiss_roll_with_hole,f_mapper,sigma_0.10,0.1,29,1594863117.0,42,success,True,True,0.8876048003762924,6.490643856805912,0.9495760821062026,125.0,49.0,77.0,77.0,1.0,77.0,1.0,4.627210437999565,4.627296392000062
M6A2__swiss_roll_with_hole__conventional__sigma_0.10__rep30__ecf0f0f780aed517,swiss_roll_with_hole,conventional,sigma_0.10,0.1,30,1642906862.0,42,success,True,True,1.0907490493703662,9.126542937388834,0.9415439535921464,148.0,67.0,82.0,82.0,1.0,82.0,1.0,0.02921429599973635,0.029216152000003603
M6A2__swiss_roll_with_hole__f_mapper__sigma_0.10__rep30__83ee7f52f69f46ef,swiss_roll_with_hole,f_mapper,sigma_0.10,0.1,30,1642906862.0,42,success,True,True,1.6308410693187687,7.904915098498599,0.9388665774207943,126.0,47.0,80.0,80.0,1.0,80.0,1.0,5.231929933000174,5.231970206000028
