spoke_id,dataset_id,cell_planned_unit_id,ref_planned_unit_id,cell_shared_construction_id,ref_shared_construction_id,cell_environment_id,ref_environment_id,cell_status,ref_status,cell_silhouette_macro,ref_silhouette_macro,delta_Q_silhouette,cell_davies_bouldin_macro,ref_davies_bouldin_macro,delta_Q_davies_bouldin,cell_silhouette_aggregation_reason,ref_silhouette_aggregation_reason,cell_davies_bouldin_aggregation_reason,ref_davies_bouldin_aggregation_reason,cell_n_pullbacks_declared,cell_n_pullbacks_nonempty,cell_n_pullbacks_eligible_silhouette,cell_n_pullbacks_eligible_davies_bouldin,cell_E_all_silhouette,cell_E_nonempty_silhouette,cell_E_all_davies_bouldin,cell_E_nonempty_davies_bouldin,ref_n_pullbacks_declared,ref_n_pullbacks_nonempty,ref_n_pullbacks_eligible_silhouette,ref_n_pullbacks_eligible_davies_bouldin,ref_E_all_silhouette,ref_E_nonempty_silhouette,ref_E_all_davies_bouldin,ref_E_nonempty_davies_bouldin
IV1CA__unit_circle_S1__L05_P020,unit_circle_S1,IB2_II2__unit_circle_S1__conventional__L05_P020,IB2_II2__unit_circle_S1__conventional__L10_P030,c4b0a6f01450c589190c03a73868939c031c891c8831ac3d2f2a3861ed298d10,4106605068c0ab17cca9d689d0f3e4c5e79ffaa4adc70e7048a9186289709719,876b65005c7df8031ffaa96350d9c359ac1f5527376926dfebd02ce4c69aca5a,876b65005c7df8031ffaa96350d9c359ac1f5527376926dfebd02ce4c69aca5a,success,success,0.9081169212166144,0.9392030198189358,-0.031086098602321477,0.13895316969116342,0.09009497504609215,0.04885819464507127,,,,,5,5,3,3,0.6,0.6,0.6,0.6,10,10,8,8,0.8,0.8,0.8,0.8
IV1CA__unit_circle_S1__L05_P030,unit_circle_S1,IB2_II2__unit_circle_S1__conventional__L05_P030,IB2_II2__unit_circle_S1__conventional__L10_P030,77990b50c4899dd583f4b8be1e3362b8a4ed3f435703750bf0ee4887c67a9d4f,4106605068c0ab17cca9d689d0f3e4c5e79ffaa4adc70e7048a9186289709719,876b65005c7df8031ffaa96350d9c359ac1f5527376926dfebd02ce4c69aca5a,876b65005c7df8031ffaa96350d9c359ac1f5527376926dfebd02ce4c69aca5a,success,success,0.8967832843487015,0.9392030198189358,-0.042419735470234365,0.15626170938231843,0.09009497504609215,0.06616673433622627,,,,,5,5,3,3,0.6,0.6,0.6,0.6,10,10,8,8,0.8,0.8,0.8,0.8
IV1CA__unit_circle_S1__L05_P050,unit_circle_S1,IB2_II2__unit_circle_S1__conventional__L05_P050,IB2_II2__unit_circle_S1__conventional__L10_P030,e6167b5161858fd66b95b94e113c1d5331e9ff58d29c3fd1013fcc6a9f995f70,4106605068c0ab17cca9d689d0f3e4c5e79ffaa4adc70e7048a9186289709719,876b65005c7df8031ffaa96350d9c359ac1f5527376926dfebd02ce4c69aca5a,876b65005c7df8031ffaa96350d9c359ac1f5527376926dfebd02ce4c69aca5a,success,success,0.8723403966011837,0.9392030198189358,-0.06686262321775216,0.19462584898643506,0.09009497504609215,0.10453087394034291,,,,,5,5,3,3,0.6,0.6,0.6,0.6,10,10,8,8,0.8,0.8,0.8,0.8
IV1CA__unit_circle_S1__L10_P020,unit_circle_S1,IB2_II2__unit_circle_S1__conventional__L10_P020,IB2_II2__unit_circle_S1__conventional__L10_P030,c2185445695cc1379e42106ab67de08c867803ac03360d845b114273f7b8caf8,4106605068c0ab17cca9d689d0f3e4c5e79ffaa4adc70e7048a9186289709719,876b65005c7df8031ffaa96350d9c359ac1f5527376926dfebd02ce4c69aca5a,876b65005c7df8031ffaa96350d9c359ac1f5527376926dfebd02ce4c69aca5a,success,success,0.9452286580463841,0.9392030198189358,0.006025638227448282,0.080699928662587,0.09009497504609215,-0.009395046383505148,,,,,10,10,8,8,0.8,0.8,0.8,0.8,10,10,8,8,0.8,0.8,0.8,0.8
IV1CA__unit_circle_S1__L10_P050,unit_circle_S1,IB2_II2__unit_circle_S1__conventional__L10_P050,IB2_II2__unit_circle_S1__conventional__L10_P030,bff28dc8db74fb7abc8b06b7a663c75f3d06022c089635329ee0dc9dbbd41135,4106605068c0ab17cca9d689d0f3e4c5e79ffaa4adc70e7048a9186289709719,876b65005c7df8031ffaa96350d9c359ac1f5527376926dfebd02ce4c69aca5a,876b65005c7df8031ffaa96350d9c359ac1f5527376926dfebd02ce4c69aca5a,success,success,0.9214191095575279,0.9392030198189358,-0.01778391026140791,0.1179611736273956,0.09009497504609215,0.027866198581303445,,,,,10,10,8,8,0.8,0.8,0.8,0.8,10,10,8,8,0.8,0.8,0.8,0.8
IV1CA__unit_circle_S1__L15_P020,unit_circle_S1,IB2_II2__unit_circle_S1__conventional__L15_P020,IB2_II2__unit_circle_S1__conventional__L10_P030,ba8d35634893309c28919a323019c0dae56603d225e046c5f8af65535a927cfa,4106605068c0ab17cca9d689d0f3e4c5e79ffaa4adc70e7048a9186289709719,876b65005c7df8031ffaa96350d9c359ac1f5527376926dfebd02ce4c69aca5a,876b65005c7df8031ffaa96350d9c359ac1f5527376926dfebd02ce4c69aca5a,success,success,0.9597733589196787,0.9392030198189358,0.020570339100742907,0.059651693062493856,0.09009497504609215,-0.030443281983598296,,,,,15,15,13,13,0.8666666666666667,0.8666666666666667,0.8666666666666667,0.8666666666666667,10,10,8,8,0.8,0.8,0.8,0.8
IV1CA__unit_circle_S1__L15_P030,unit_circle_S1,IB2_II2__unit_circle_S1__conventional__L15_P030,IB2_II2__unit_circle_S1__conventional__L10_P030,87285f93539afe3b36abd9d9372275310e969a043bd06be6deeca0c1964b20b0,4106605068c0ab17cca9d689d0f3e4c5e79ffaa4adc70e7048a9186289709719,876b65005c7df8031ffaa96350d9c359ac1f5527376926dfebd02ce4c69aca5a,876b65005c7df8031ffaa96350d9c359ac1f5527376926dfebd02ce4c69aca5a,success,success,0.9553933892073102,0.9392030198189358,0.01619036938837437,0.06583751707812281,0.09009497504609215,-0.02425745796796934,,,,,15,15,13,13,0.8666666666666667,0.8666666666666667,0.8666666666666667,0.8666666666666667,10,10,8,8,0.8,0.8,0.8,0.8
IV1CA__unit_circle_S1__L15_P050,unit_circle_S1,IB2_II2__unit_circle_S1__conventional__L15_P050,IB2_II2__unit_circle_S1__conventional__L10_P030,de35f64c7a9f30247e5c19394a5bad28c364a5b9b361320806e1a64d570c38a1,4106605068c0ab17cca9d689d0f3e4c5e79ffaa4adc70e7048a9186289709719,876b65005c7df8031ffaa96350d9c359ac1f5527376926dfebd02ce4c69aca5a,876b65005c7df8031ffaa96350d9c359ac1f5527376926dfebd02ce4c69aca5a,success,success,0.9404468337656714,0.9392030198189358,0.0012438139467355613,0.08760228676210471,0.09009497504609215,-0.0024926882839874376,,,,,15,15,13,13,0.8666666666666667,0.8666666666666667,0.8666666666666667,0.8666666666666667,10,10,8,8,0.8,0.8,0.8,0.8
IV1CA__unit_circle_S1__L20_P020,unit_circle_S1,IB2_II2__unit_circle_S1__conventional__L20_P020,IB2_II2__unit_circle_S1__conventional__L10_P030,f6ca736171348a1aa564a916cae3f84398c39985f54567df33ce23d2280bd347,4106605068c0ab17cca9d689d0f3e4c5e79ffaa4adc70e7048a9186289709719,876b65005c7df8031ffaa96350d9c359ac1f5527376926dfebd02ce4c69aca5a,876b65005c7df8031ffaa96350d9c359ac1f5527376926dfebd02ce4c69aca5a,success,success,0.9664854952922121,0.9392030198189358,0.027282475473276224,0.0489357634559087,0.09009497504609215,-0.04115921159018345,,,,,20,20,18,18,0.9,0.9,0.9,0.9,10,10,8,8,0.8,0.8,0.8,0.8
IV1CA__unit_circle_S1__L20_P030,unit_circle_S1,IB2_II2__unit_circle_S1__conventional__L20_P030,IB2_II2__unit_circle_S1__conventional__L10_P030,5ea8059a72898e70f96e9f4002aed32357bb102457c62de540ef03d5786af8fa,4106605068c0ab17cca9d689d0f3e4c5e79ffaa4adc70e7048a9186289709719,876b65005c7df8031ffaa96350d9c359ac1f5527376926dfebd02ce4c69aca5a,876b65005c7df8031ffaa96350d9c359ac1f5527376926dfebd02ce4c69aca5a,success,success,0.9631414414881532,0.9392030198189358,0.023938421669217336,0.053862075692507644,0.09009497504609215,-0.03623289935358451,,,,,20,20,18,18,0.9,0.9,0.9,0.9,10,10,8,8,0.8,0.8,0.8,0.8
IV1CA__unit_circle_S1__L20_P050,unit_circle_S1,IB2_II2__unit_circle_S1__conventional__L20_P050,IB2_II2__unit_circle_S1__conventional__L10_P030,48c96c175d9d8321b0d942b43a4379b4c3d48de127ac89e91e7c484481812cf8,4106605068c0ab17cca9d689d0f3e4c5e79ffaa4adc70e7048a9186289709719,876b65005c7df8031ffaa96350d9c359ac1f5527376926dfebd02ce4c69aca5a,876b65005c7df8031ffaa96350d9c359ac1f5527376926dfebd02ce4c69aca5a,success,success,0.9517766296641531,0.9392030198189358,0.01257360984521727,0.07096843491249419,0.09009497504609215,-0.019126540133597963,,,,,20,20,18,18,0.9,0.9,0.9,0.9,10,10,8,8,0.8,0.8,0.8,0.8
IV1CA__swiss_roll_with_hole__L05_P020,swiss_roll_with_hole,IB2_II2__swiss_roll_with_hole__conventional__L05_P020,IB2_II2__swiss_roll_with_hole__conventional__L10_P030,9df387c5ff11e810e8e427015ff926dc458e43289c2540308bc0980200d56ed0,2dcb43ab16bea463b1ce40f9619f4b1f97ed8959cb1ed0734a3c31918e62bc07,876b65005c7df8031ffaa96350d9c359ac1f5527376926dfebd02ce4c69aca5a,876b65005c7df8031ffaa96350d9c359ac1f5527376926dfebd02ce4c69aca5a,success,success,-0.007548669752487811,0.05274267173903548,-0.060291341491523286,0.8224086866594027,0.8059207143825677,0.01648797227683496,,,,,5,5,5,5,1.0,1.0,1.0,1.0,10,10,10,10,1.0,1.0,1.0,1.0
IV1CA__swiss_roll_with_hole__L05_P030,swiss_roll_with_hole,IB2_II2__swiss_roll_with_hole__conventional__L05_P030,IB2_II2__swiss_roll_with_hole__conventional__L10_P030,1fab4796c6933ecb48335264525333818b399ca34e387716c6e720118dcf0705,2dcb43ab16bea463b1ce40f9619f4b1f97ed8959cb1ed0734a3c31918e62bc07,876b65005c7df8031ffaa96350d9c359ac1f5527376926dfebd02ce4c69aca5a,876b65005c7df8031ffaa96350d9c359ac1f5527376926dfebd02ce4c69aca5a,success,success,-0.025598771653582715,0.05274267173903548,-0.0783414433926182,0.8447473162986106,0.8059207143825677,0.03882660191604281,,,,,5,5,5,5,1.0,1.0,1.0,1.0,10,10,10,10,1.0,1.0,1.0,1.0
IV1CA__swiss_roll_with_hole__L05_P050,swiss_roll_with_hole,IB2_II2__swiss_roll_with_hole__conventional__L05_P050,IB2_II2__swiss_roll_with_hole__conventional__L10_P030,dd950e12a35e33454079b7f2e8e69aead1226bf81b775aedc6d21df44c20ce23,2dcb43ab16bea463b1ce40f9619f4b1f97ed8959cb1ed0734a3c31918e62bc07,876b65005c7df8031ffaa96350d9c359ac1f5527376926dfebd02ce4c69aca5a,876b65005c7df8031ffaa96350d9c359ac1f5527376926dfebd02ce4c69aca5a,success,success,-0.041411879005116926,0.05274267173903548,-0.09415455074415241,0.8602508823376315,0.8059207143825677,0.054330167955063735,,,,,5,5,5,5,1.0,1.0,1.0,1.0,10,10,10,10,1.0,1.0,1.0,1.0
IV1CA__swiss_roll_with_hole__L10_P020,swiss_roll_with_hole,IB2_II2__swiss_roll_with_hole__conventional__L10_P020,IB2_II2__swiss_roll_with_hole__conventional__L10_P030,784234c059726b77c9130b57be868bc91e7073a0496bc7347d21e17a745d2fef,2dcb43ab16bea463b1ce40f9619f4b1f97ed8959cb1ed0734a3c31918e62bc07,876b65005c7df8031ffaa96350d9c359ac1f5527376926dfebd02ce4c69aca5a,876b65005c7df8031ffaa96350d9c359ac1f5527376926dfebd02ce4c69aca5a,success,success,0.06824851694517706,0.05274267173903548,0.01550584520614158,0.8140174398151874,0.8059207143825677,0.008096725432619634,,,,,10,10,9,9,0.9,0.9,0.9,0.9,10,10,10,10,1.0,1.0,1.0,1.0
IV1CA__swiss_roll_with_hole__L10_P050,swiss_roll_with_hole,IB2_II2__swiss_roll_with_hole__conventional__L10_P050,IB2_II2__swiss_roll_with_hole__conventional__L10_P030,d1fe7a394d16293308823a284e42901bc0b64250a1a3f3d18169aca8a3cf5fe7,2dcb43ab16bea463b1ce40f9619f4b1f97ed8959cb1ed0734a3c31918e62bc07,876b65005c7df8031ffaa96350d9c359ac1f5527376926dfebd02ce4c69aca5a,876b65005c7df8031ffaa96350d9c359ac1f5527376926dfebd02ce4c69aca5a,success,success,0.025728543109589594,0.05274267173903548,-0.027014128629445883,0.8415461901491379,0.8059207143825677,0.03562547576657016,,,,,10,10,9,9,0.9,0.9,0.9,0.9,10,10,10,10,1.0,1.0,1.0,1.0
IV1CA__swiss_roll_with_hole__L15_P020,swiss_roll_with_hole,IB2_II2__swiss_roll_with_hole__conventional__L15_P020,IB2_II2__swiss_roll_with_hole__conventional__L10_P030,1b8b080826e831943963c8f744be68f04cc739bd705d12538c232e53a147c44b,2dcb43ab16bea463b1ce40f9619f4b1f97ed8959cb1ed0734a3c31918e62bc07,876b65005c7df8031ffaa96350d9c359ac1f5527376926dfebd02ce4c69aca5a,876b65005c7df8031ffaa96350d9c359ac1f5527376926dfebd02ce4c69aca5a,success,success,0.2131498545379942,0.05274267173903548,0.16040718279895871,0.7721745537640238,0.8059207143825677,-0.03374616061854396,,,,,15,15,14,14,0.9333333333333333,0.9333333333333333,0.9333333333333333,0.9333333333333333,10,10,10,10,1.0,1.0,1.0,1.0
IV1CA__swiss_roll_with_hole__L15_P030,swiss_roll_with_hole,IB2_II2__swiss_roll_with_hole__conventional__L15_P030,IB2_II2__swiss_roll_with_hole__conventional__L10_P030,78d3dc90586a874fa074c2804a443ca5766007b8d66d01e34ed5c37222858bff,2dcb43ab16bea463b1ce40f9619f4b1f97ed8959cb1ed0734a3c31918e62bc07,876b65005c7df8031ffaa96350d9c359ac1f5527376926dfebd02ce4c69aca5a,876b65005c7df8031ffaa96350d9c359ac1f5527376926dfebd02ce4c69aca5a,success,success,0.14701647214838173,0.05274267173903548,0.09427380040934626,0.8121831248025442,0.8059207143825677,0.0062624104199764385,,,,,15,15,13,13,0.8666666666666667,0.8666666666666667,0.8666666666666667,0.8666666666666667,10,10,10,10,1.0,1.0,1.0,1.0
IV1CA__swiss_roll_with_hole__L15_P050,swiss_roll_with_hole,IB2_II2__swiss_roll_with_hole__conventional__L15_P050,IB2_II2__swiss_roll_with_hole__conventional__L10_P030,5918f16a6784c10a7cea295bb13432ab94bae6b611330fa22c5cc6c065a88689,2dcb43ab16bea463b1ce40f9619f4b1f97ed8959cb1ed0734a3c31918e62bc07,876b65005c7df8031ffaa96350d9c359ac1f5527376926dfebd02ce4c69aca5a,876b65005c7df8031ffaa96350d9c359ac1f5527376926dfebd02ce4c69aca5a,success,success,0.0672120089514029,0.05274267173903548,0.014469337212367428,0.8518526661259312,0.8059207143825677,0.04593195174336351,,,,,15,15,14,14,0.9333333333333333,0.9333333333333333,0.9333333333333333,0.9333333333333333,10,10,10,10,1.0,1.0,1.0,1.0
IV1CA__swiss_roll_with_hole__L20_P020,swiss_roll_with_hole,IB2_II2__swiss_roll_with_hole__conventional__L20_P020,IB2_II2__swiss_roll_with_hole__conventional__L10_P030,3c454503a76ff7ec402c3d9a100062ac3ec18d37ea69560048dadc1252721677,2dcb43ab16bea463b1ce40f9619f4b1f97ed8959cb1ed0734a3c31918e62bc07,876b65005c7df8031ffaa96350d9c359ac1f5527376926dfebd02ce4c69aca5a,876b65005c7df8031ffaa96350d9c359ac1f5527376926dfebd02ce4c69aca5a,success,success,0.24395801966484493,0.05274267173903548,0.19121534792580946,0.7734871678545225,0.8059207143825677,-0.0324335465280452,,,,,20,20,19,19,0.95,0.95,0.95,0.95,10,10,10,10,1.0,1.0,1.0,1.0
IV1CA__swiss_roll_with_hole__L20_P030,swiss_roll_with_hole,IB2_II2__swiss_roll_with_hole__conventional__L20_P030,IB2_II2__swiss_roll_with_hole__conventional__L10_P030,920ecf240160f50f5112a7c9c0dd01de45427a1cc4a9d98f3fdb626a852e4214,2dcb43ab16bea463b1ce40f9619f4b1f97ed8959cb1ed0734a3c31918e62bc07,876b65005c7df8031ffaa96350d9c359ac1f5527376926dfebd02ce4c69aca5a,876b65005c7df8031ffaa96350d9c359ac1f5527376926dfebd02ce4c69aca5a,success,success,0.21428247511811901,0.05274267173903548,0.16153980337908352,0.7806267706719313,0.8059207143825677,-0.025293943710636424,,,,,20,20,19,19,0.95,0.95,0.95,0.95,10,10,10,10,1.0,1.0,1.0,1.0
IV1CA__swiss_roll_with_hole__L20_P050,swiss_roll_with_hole,IB2_II2__swiss_roll_with_hole__conventional__L20_P050,IB2_II2__swiss_roll_with_hole__conventional__L10_P030,d1e5f46147ab058dff5fbd0a24a0952906a830bffacca84dadde9aef4d30f8de,2dcb43ab16bea463b1ce40f9619f4b1f97ed8959cb1ed0734a3c31918e62bc07,876b65005c7df8031ffaa96350d9c359ac1f5527376926dfebd02ce4c69aca5a,876b65005c7df8031ffaa96350d9c359ac1f5527376926dfebd02ce4c69aca5a,success,success,0.11372907608939183,0.05274267173903548,0.06098640435035635,0.8230537677415154,0.8059207143825677,0.01713305335894766,,,,,20,20,19,19,0.95,0.95,0.95,0.95,10,10,10,10,1.0,1.0,1.0,1.0
IV1CA__digits_1797x64_scaled16__L05_P020,digits_1797x64_scaled16,IB2_II2__digits_1797x64_scaled16__conventional__L05_P020,IB2_II2__digits_1797x64_scaled16__conventional__L10_P030,f264a34bb2427946ad755a350faab1436d60ea8761aef5dc8a5721e01e5f669c,6e0773103ab82a3e1f9fd4227d67de451da27489cc672d86a1032642c9a939e7,876b65005c7df8031ffaa96350d9c359ac1f5527376926dfebd02ce4c69aca5a,876b65005c7df8031ffaa96350d9c359ac1f5527376926dfebd02ce4c69aca5a,success,success,0.18872904275072,0.22983197240025577,-0.04110292964953577,1.4105862087146843,1.3092342614583625,0.1013519472563218,,,,,5,5,5,5,1.0,1.0,1.0,1.0,10,10,9,9,0.9,0.9,0.9,0.9
IV1CA__digits_1797x64_scaled16__L05_P030,digits_1797x64_scaled16,IB2_II2__digits_1797x64_scaled16__conventional__L05_P030,IB2_II2__digits_1797x64_scaled16__conventional__L10_P030,d83b6f5d14c682a66dea95b9a38cfb8fd90e0f111486069fd0c9103db7f8b9ae,6e0773103ab82a3e1f9fd4227d67de451da27489cc672d86a1032642c9a939e7,876b65005c7df8031ffaa96350d9c359ac1f5527376926dfebd02ce4c69aca5a,876b65005c7df8031ffaa96350d9c359ac1f5527376926dfebd02ce4c69aca5a,success,success,0.17942401121935156,0.22983197240025577,-0.05040796118090421,1.4981285307363492,1.3092342614583625,0.1888942692779867,,,,,5,5,5,5,1.0,1.0,1.0,1.0,10,10,9,9,0.9,0.9,0.9,0.9
IV1CA__digits_1797x64_scaled16__L05_P050,digits_1797x64_scaled16,IB2_II2__digits_1797x64_scaled16__conventional__L05_P050,IB2_II2__digits_1797x64_scaled16__conventional__L10_P030,5712e039b0407d0462d1a26e6096a768e448d9f149909afe3017648cd953fd4e,6e0773103ab82a3e1f9fd4227d67de451da27489cc672d86a1032642c9a939e7,876b65005c7df8031ffaa96350d9c359ac1f5527376926dfebd02ce4c69aca5a,876b65005c7df8031ffaa96350d9c359ac1f5527376926dfebd02ce4c69aca5a,success,success,0.1209803478914829,0.22983197240025577,-0.10885162450877287,1.6122291301023304,1.3092342614583625,0.30299486864396785,,,,,5,5,5,5,1.0,1.0,1.0,1.0,10,10,9,9,0.9,0.9,0.9,0.9
IV1CA__digits_1797x64_scaled16__L10_P020,digits_1797x64_scaled16,IB2_II2__digits_1797x64_scaled16__conventional__L10_P020,IB2_II2__digits_1797x64_scaled16__conventional__L10_P030,9e617f5e61630ca4d91c4bc62e8fdf4ab6c31c9ac2cc33f91832c1eb2f7ed340,6e0773103ab82a3e1f9fd4227d67de451da27489cc672d86a1032642c9a939e7,876b65005c7df8031ffaa96350d9c359ac1f5527376926dfebd02ce4c69aca5a,876b65005c7df8031ffaa96350d9c359ac1f5527376926dfebd02ce4c69aca5a,success,success,0.23225235313957332,0.22983197240025577,0.0024203807393175514,1.3181065254596434,1.3092342614583625,0.008872264001280827,,,,,10,10,8,8,0.8,0.8,0.8,0.8,10,10,9,9,0.9,0.9,0.9,0.9
IV1CA__digits_1797x64_scaled16__L10_P050,digits_1797x64_scaled16,IB2_II2__digits_1797x64_scaled16__conventional__L10_P050,IB2_II2__digits_1797x64_scaled16__conventional__L10_P030,b109d159fae200734a34ac0afc9ec14c6d48c2fc8c3452658a3aa67b99c36557,6e0773103ab82a3e1f9fd4227d67de451da27489cc672d86a1032642c9a939e7,876b65005c7df8031ffaa96350d9c359ac1f5527376926dfebd02ce4c69aca5a,876b65005c7df8031ffaa96350d9c359ac1f5527376926dfebd02ce4c69aca5a,success,success,0.18149519884600132,0.22983197240025577,-0.04833677355425445,1.3842355062612257,1.3092342614583625,0.07500124480286319,,,,,10,10,10,10,1.0,1.0,1.0,1.0,10,10,9,9,0.9,0.9,0.9,0.9
IV1CA__digits_1797x64_scaled16__L15_P020,digits_1797x64_scaled16,IB2_II2__digits_1797x64_scaled16__conventional__L15_P020,IB2_II2__digits_1797x64_scaled16__conventional__L10_P030,420961d529152c7a8a82bc7013da5e9daf040ff4139bb25103f93224ab5557c0,6e0773103ab82a3e1f9fd4227d67de451da27489cc672d86a1032642c9a939e7,876b65005c7df8031ffaa96350d9c359ac1f5527376926dfebd02ce4c69aca5a,876b65005c7df8031ffaa96350d9c359ac1f5527376926dfebd02ce4c69aca5a,success,success,0.2585832107841936,0.22983197240025577,0.028751238383937838,1.2425958074173211,1.3092342614583625,-0.0666384540410414,,,,,15,15,12,12,0.8,0.8,0.8,0.8,10,10,9,9,0.9,0.9,0.9,0.9
IV1CA__digits_1797x64_scaled16__L15_P030,digits_1797x64_scaled16,IB2_II2__digits_1797x64_scaled16__conventional__L15_P030,IB2_II2__digits_1797x64_scaled16__conventional__L10_P030,195897801c90d6d1edaded7e42df1f1b31913ec6f37c44cc331de0f59f157bce,6e0773103ab82a3e1f9fd4227d67de451da27489cc672d86a1032642c9a939e7,876b65005c7df8031ffaa96350d9c359ac1f5527376926dfebd02ce4c69aca5a,876b65005c7df8031ffaa96350d9c359ac1f5527376926dfebd02ce4c69aca5a,success,success,0.24890976983558077,0.22983197240025577,0.019077797435325006,1.2693259710952112,1.3092342614583625,-0.039908290363151355,,,,,15,15,12,12,0.8,0.8,0.8,0.8,10,10,9,9,0.9,0.9,0.9,0.9
IV1CA__digits_1797x64_scaled16__L15_P050,digits_1797x64_scaled16,IB2_II2__digits_1797x64_scaled16__conventional__L15_P050,IB2_II2__digits_1797x64_scaled16__conventional__L10_P030,d26f8ecced6b41d4cdb2aa533275ce7c206e0743d43b6a3722d6c573119817bd,6e0773103ab82a3e1f9fd4227d67de451da27489cc672d86a1032642c9a939e7,876b65005c7df8031ffaa96350d9c359ac1f5527376926dfebd02ce4c69aca5a,876b65005c7df8031ffaa96350d9c359ac1f5527376926dfebd02ce4c69aca5a,success,success,0.2240627100563455,0.22983197240025577,-0.005769262343910259,1.3068673305823348,1.3092342614583625,-0.002366930876027684,,,,,15,15,13,13,0.8666666666666667,0.8666666666666667,0.8666666666666667,0.8666666666666667,10,10,9,9,0.9,0.9,0.9,0.9
IV1CA__digits_1797x64_scaled16__L20_P020,digits_1797x64_scaled16,IB2_II2__digits_1797x64_scaled16__conventional__L20_P020,IB2_II2__digits_1797x64_scaled16__conventional__L10_P030,b16588f38fab6c72d4560394418a41b8fc24ca0dcfc0ab88ecdcab2b839efb41,6e0773103ab82a3e1f9fd4227d67de451da27489cc672d86a1032642c9a939e7,876b65005c7df8031ffaa96350d9c359ac1f5527376926dfebd02ce4c69aca5a,876b65005c7df8031ffaa96350d9c359ac1f5527376926dfebd02ce4c69aca5a,success,success,0.2828743312842815,0.22983197240025577,0.05304235888402575,1.18629672587044,1.3092342614583625,-0.12293753558792253,,,,,20,20,15,15,0.75,0.75,0.75,0.75,10,10,9,9,0.9,0.9,0.9,0.9
IV1CA__digits_1797x64_scaled16__L20_P030,digits_1797x64_scaled16,IB2_II2__digits_1797x64_scaled16__conventional__L20_P030,IB2_II2__digits_1797x64_scaled16__conventional__L10_P030,7797e1d528400b0f430f6bde5670ef7c6ba73397ff280280650da86542eae8e9,6e0773103ab82a3e1f9fd4227d67de451da27489cc672d86a1032642c9a939e7,876b65005c7df8031ffaa96350d9c359ac1f5527376926dfebd02ce4c69aca5a,876b65005c7df8031ffaa96350d9c359ac1f5527376926dfebd02ce4c69aca5a,success,success,0.2677464331377361,0.22983197240025577,0.03791446073748034,1.212921562107854,1.3092342614583625,-0.09631269935050857,,,,,20,20,15,15,0.75,0.75,0.75,0.75,10,10,9,9,0.9,0.9,0.9,0.9
IV1CA__digits_1797x64_scaled16__L20_P050,digits_1797x64_scaled16,IB2_II2__digits_1797x64_scaled16__conventional__L20_P050,IB2_II2__digits_1797x64_scaled16__conventional__L10_P030,37e63d58a74d1616b614e31c23629b4f1a41f27d332ad860d19deb3419412413,6e0773103ab82a3e1f9fd4227d67de451da27489cc672d86a1032642c9a939e7,876b65005c7df8031ffaa96350d9c359ac1f5527376926dfebd02ce4c69aca5a,876b65005c7df8031ffaa96350d9c359ac1f5527376926dfebd02ce4c69aca5a,success,success,0.24457115984660494,0.22983197240025577,0.014739187446349167,1.2709887618114555,1.3092342614583625,-0.038245499646907044,,,,,20,20,17,17,0.85,0.85,0.85,0.85,10,10,9,9,0.9,0.9,0.9,0.9
